dataset,item_id,packet_sha256,evidence_sha256_deepseek_B,evidence_sha256_deepseek_C,evidence_sha256_qwen_B,evidence_sha256_qwen_C,deepseek_B_equals_C,deepseek_B_equals_qwen_B,deepseek_C_equals_qwen_C,all_evidence_hashes_match,qwen_B_model_requested,qwen_C_model_requested,qwen_B_max_tokens,qwen_C_max_tokens
stress_20,STR_001,0b7eb4591cd2b7757e5efb4b9d67a4ad9bf9eb9b16c55cd147d02f8032e14dd9,3cf9c1e7818020ecacfa0bf4210e8ff3cdc739147178ce9023f6854c7c2f2ab2,3cf9c1e7818020ecacfa0bf4210e8ff3cdc739147178ce9023f6854c7c2f2ab2,3cf9c1e7818020ecacfa0bf4210e8ff3cdc739147178ce9023f6854c7c2f2ab2,3cf9c1e7818020ecacfa0bf4210e8ff3cdc739147178ce9023f6854c7c2f2ab2,True,True,True,True,qwen/qwen3.8-27b,qwen/qwen3.8-27b,16000,16000
stress_20,STR_002,f2b89d34e6de765d9357fedab6968e0bce2c5c12f95eb5d9965958a85702df48,a38b0fc83813d29c7e6c0be486466df5052da0aa4888e8041962d9d242932e4a,a38b0fc83813d29c7e6c0be486466df5052da0aa4888e8041962d9d242932e4a,a38b0fc83813d29c7e6c0be486466df5052da0aa4888e8041962d9d242932e4a,a38b0fc83813d29c7e6c0be486466df5052da0aa4888e8041962d9d242932e4a,True,True,True,True,qwen/qwen3.8-27b,qwen/qwen3.8-27b,16000,16000
stress_20,STR_003,39fc9c55329fece9ad57e38fd9e2f0a4e3fd3ab411430193471d5410553d3c8d,820af300455569ffde2e1fe594beb0c708688c1c0da50f21a497fc4d97938d97,820af300455569ffde2e1fe594beb0c708688c1c0da50f21a497fc4d97938d97,820af300455569ffde2e1fe594beb0c708688c1c0da50f21a497fc4d97938d97,820af300455569ffde2e1fe594beb0c708688c1c0da50f21a497fc4d97938d97,True,True,True,True,qwen/qwen3.8-27b,qwen/qwen3.8-27b,16000,16000
stress_20,STR_004,f4e2fa5dd4cfc854eb13528a8522e2f9c2ef79cff988fd0d06cac1fa438b2569,41e3299c18f0e6e5e73f3fe204de0a8c828fab59e15dbc24e9374a59582bfacc,41e3299c18f0e6e5e73f3fe204de0a8c828fab59e15dbc24e9374a59582bfacc,41e3299c18f0e6e5e73f3fe204de0a8c828fab59e15dbc24e9374a59582bfacc,41e3299c18f0e6e5e73f3fe204de0a8c828fab59e15dbc24e9374a59582bfacc,True,True,True,True,qwen/qwen3.8-27b,qwen/qwen3.8-27b,16000,16000
stress_20,STR_005,b44677e39fd221b6e99f2e81c5cb151634b138183bcf801073d0abab7f6bbdb5,89793cc977b5c619f8d3a34bf656bbbcef1f8fb2e39b8bb2b0f31842316c9dd9,89793cc977b5c619f8d3a34bf656bbbcef1f8fb2e39b8bb2b0f31842316c9dd9,89793cc977b5c619f8d3a34bf656bbbcef1f8fb2e39b8bb2b0f31842316c9dd9,89793cc977b5c619f8d3a34bf656bbbcef1f8fb2e39b8bb2b0f31842316c9dd9,True,True,True,True,qwen/qwen3.8-27b,qwen/qwen3.8-27b,16000,16000
stress_20,STR_006,bc07d001c4c80ce6e005e9a1d9bf7848cf4af6a512162db878dbd887c30fe5e8,9f6f951fb74939ecb64199533a54a14c6fa576550c889019edae0a81b6558621,9f6f951fb74939ecb64199533a54a14c6fa576550c889019edae0a81b6558621,9f6f951fb74939ecb64199533a54a14c6fa576550c889019edae0a81b6558621,9f6f951fb74939ecb64199533a54a14c6fa576550c889019edae0a81b6558621,True,True,True,True,qwen/qwen3.8-27b,qwen/qwen3.8-27b,16000,16000
stress_20,STR_007,462f65c9cb671fbd49550d005ea05a8637d7b763de5c12cb0dcfa433dc2b6125,f7800ca3f362ebfb480edaa0a0e6b72e251f63be01e55914403777851370cf2d,f7800ca3f362ebfb480edaa0a0e6b72e251f63be01e55914403777851370cf2d,f7800ca3f362ebfb480edaa0a0e6b72e251f63be01e55914403777851370cf2d,f7800ca3f362ebfb480edaa0a0e6b72e251f63be01e55914403777851370cf2d,True,True,True,True,qwen/qwen3.8-27b,qwen/qwen3.8-27b,16000,16000
stress_20,STR_008,4b8217d688f41ca84e884e639705b3398e1aaac1bc49126d45f0e4ba89ffc7c8,7c5ad551a7342f1fa52162251e2f387710566c16dd41acfbb7d1373d2d256071,7c5ad551a7342f1fa52162251e2f387710566c16dd41acfbb7d1373d2d256071,7c5ad551a7342f1fa52162251e2f387710566c16dd41acfbb7d1373d2d256071,7c5ad551a7342f1fa52162251e2f387710566c16dd41acfbb7d1373d2d256071,True,True,True,True,qwen/qwen3.8-27b,qwen/qwen3.8-27b,16000,16000
stress_20,STR_009,b6327335676db3d26f350f574d04c9d92752a4a131d4a5c924a7f5326030bd06,de77078fd4731ceba668f0e130379498752dc5760b62dfe9a628719b29fb1e9f,de77078fd4731ceba668f0e130379498752dc5760b62dfe9a628719b29fb1e9f,de77078fd4731ceba668f0e130379498752dc5760b62dfe9a628719b29fb1e9f,de77078fd4731ceba668f0e130379498752dc5760b62dfe9a628719b29fb1e9f,True,True,True,True,qwen/qwen3.8-27b,qwen/qwen3.8-27b,16000,16000
stress_20,STR_010,3a9eeb40e8c4b5da005ff9b1ff36f9d3cb77a55dabc73c016ada0ecf5d12cd86,cf5fd55c52cca5c566b96ab9af73310f2079221284524adf583911241295cf76,cf5fd55c52cca5c566b96ab9af73310f2079221284524adf583911241295cf76,cf5fd55c52cca5c566b96ab9af73310f2079221284524adf583911241295cf76,cf5fd55c52cca5c566b96ab9af73310f2079221284524adf583911241295cf76,True,True,True,True,qwen/qwen3.8-27b,qwen/qwen3.8-27b,16000,16000
stress_20,STR_011,428d97f2f0b8c850189de88da0c0a6161366f363ea90033443adaa83fd73b71a,04c24e252b611a6a181db06fff6d726753187b7ed938998ace94daa99eef5107,04c24e252b611a6a181db06fff6d726753187b7ed938998ace94daa99eef5107,04c24e252b611a6a181db06fff6d726753187b7ed938998ace94daa99eef5107,04c24e252b611a6a181db06fff6d726753187b7ed938998ace94daa99eef5107,True,True,True,True,qwen/qwen3.8-27b,qwen/qwen3.8-27b,16000,16000
stress_20,STR_012,bc3ed756f4f0de3fc9298698f5f5f62e14fb918bc94fa212bd01a02dbd86c957,19dddb790208f56220601aa38ba5fb429a607950821a5a7e8c5e5de470326a23,19dddb790208f56220601aa38ba5fb429a607950821a5a7e8c5e5de470326a23,19dddb790208f56220601aa38ba5fb429a607950821a5a7e8c5e5de470326a23,19dddb790208f56220601aa38ba5fb429a607950821a5a7e8c5e5de470326a23,True,True,True,True,qwen/qwen3.8-27b,qwen/qwen3.8-27b,16000,16000
stress_20,STR_013,4ebd3393b42d5682a2fde3ed858705e3293b0cc4169496066ce4328d06cdd311,abb1fe6801d912bc52ca9d86e2a3af95ac4d77d0972699a6fcec680c29911f3c,abb1fe6801d912bc52ca9d86e2a3af95ac4d77d0972699a6fcec680c29911f3c,abb1fe6801d912bc52ca9d86e2a3af95ac4d77d0972699a6fcec680c29911f3c,abb1fe6801d912bc52ca9d86e2a3af95ac4d77d0972699a6fcec680c29911f3c,True,True,True,True,qwen/qwen3.8-27b,qwen/qwen3.8-27b,16000,16000
stress_20,STR_014,abdb811639dbf27e1562df8e9a5ccf3b08ee1e5ba5d3897c031c778788955b2c,0ee4518f10371051a5f81ab71bac63b1d0b41089a643695b34d3b6a669bd1062,0ee4518f10371051a5f81ab71bac63b1d0b41089a643695b34d3b6a669bd1062,0ee4518f10371051a5f81ab71bac63b1d0b41089a643695b34d3b6a669bd1062,0ee4518f10371051a5f81ab71bac63b1d0b41089a643695b34d3b6a669bd1062,True,True,True,True,qwen/qwen3.8-27b,qwen/qwen3.8-27b,16000,16000
stress_20,STR_015,ced1c5db6d1b935bbcf0eb1a0bb7d8591e814501ea880c3896b88b9272425b21,d254636048d342cdc841ca778c8e23164786e62589dfa7893af60c625cddaf36,d254636048d342cdc841ca778c8e23164786e62589dfa7893af60c625cddaf36,d254636048d342cdc841ca778c8e23164786e62589dfa7893af60c625cddaf36,d254636048d342cdc841ca778c8e23164786e62589dfa7893af60c625cddaf36,True,True,True,True,qwen/qwen3.8-27b,qwen/qwen3.8-27b,16000,16000
stress_20,STR_016,e8888eaa602fddf29e3f85ab9d535295c602800a6a99cc09c9dc4c7262ea0a58,1b6c979615cbe040abc8690aef7dd58bb066370baec97fe9e0e18b858171a1a5,1b6c979615cbe040abc8690aef7dd58bb066370baec97fe9e0e18b858171a1a5,1b6c979615cbe040abc8690aef7dd58bb066370baec97fe9e0e18b858171a1a5,1b6c979615cbe040abc8690aef7dd58bb066370baec97fe9e0e18b858171a1a5,True,True,True,True,qwen/qwen3.8-27b,qwen/qwen3.8-27b,16000,16000
stress_20,STR_017,031c9300a963d08acf5bb686918cdde33e1ea1d085a8316da48e57a3fad2c7ed,5baedc1b7ea49dc18580d34abadb78a392f216facee2ad322ae5d32f800aeb11,5baedc1b7ea49dc18580d34abadb78a392f216facee2ad322ae5d32f800aeb11,5baedc1b7ea49dc18580d34abadb78a392f216facee2ad322ae5d32f800aeb11,5baedc1b7ea49dc18580d34abadb78a392f216facee2ad322ae5d32f800aeb11,True,True,True,True,qwen/qwen3.8-27b,qwen/qwen3.8-27b,16000,16000
stress_20,STR_018,f15634df7f0c284dec3b777df2aeafb8e55f2e400c9b2ae729c3e077a3acfe78,049df99dd74e0915bc42c670175872b3f2db5af5231adac082546855dae797e6,049df99dd74e0915bc42c670175872b3f2db5af5231adac082546855dae797e6,049df99dd74e0915bc42c670175872b3f2db5af5231adac082546855dae797e6,049df99dd74e0915bc42c670175872b3f2db5af5231adac082546855dae797e6,True,True,True,True,qwen/qwen3.8-27b,qwen/qwen3.8-27b,16000,16000
stress_20,STR_019,46c9a7431f2a209e5744c6c7324cb50c63dd2a23642201a77f1d68718b0d23a2,daab88983425412e0614e3411a6b8d3a47c5e8f8c362fe5937855065de6455a7,daab88983425412e0614e3411a6b8d3a47c5e8f8c362fe5937855065de6455a7,daab88983425412e0614e3411a6b8d3a47c5e8f8c362fe5937855065de6455a7,daab88983425412e0614e3411a6b8d3a47c5e8f8c362fe5937855065de6455a7,True,True,True,True,qwen/qwen3.8-27b,qwen/qwen3.8-27b,16000,16000
stress_20,STR_020,45d14d47b5db8e3d79dc474ab674b2454c846eb5ed1bcb255b7dbf83d6d7bed4,0986272d32aed42243a80be9a381af0eb086bf388b7591bbc8b0bd8ccb173013,0986272d32aed42243a80be9a381af0eb086bf388b7591bbc8b0bd8ccb173013,0986272d32aed42243a80be9a381af0eb086bf388b7591bbc8b0bd8ccb173013,0986272d32aed42243a80be9a381af0eb086bf388b7591bbc8b0bd8ccb173013,True,True,True,True,qwen/qwen3.8-27b,qwen/qwen3.8-27b,16000,16000
