"item_id","transition_id","packet_id","differing_label_fields","A01_original_validity","A02_original_validity","A01_target_state_t1","A02_target_state_t1","A01_lifecycle_label","A02_lifecycle_label","A01_instructional_priority","A02_instructional_priority","A01_leakage_label","A02_leakage_label","A01_confidence","A02_confidence","A01_evidence_ids","A02_evidence_ids","A01_short_reason","A02_short_reason"
"DEV_004","915700df68554ff734e89c02","packet:DEV_004:915700df68554ff734e89c02","instructional_priority","SUPPORTED","SUPPORTED","PRESENT","PRESENT","KEEP","KEEP","LOW","HIGH","ABSENT","ABSENT","5","4","source:DEV_004:S_t|source:DEV_004:S_t+1|diff:DEV_004|stored_trace:DEV_004:S_t|stored_trace:DEV_004:S_t+1|execution:DEV_004:st:compile|execution:DEV_004:st1:compile|official_test:prob_016_T1|execution:DEV_004:st:prob_016_T1","source:DEV_004:S_t|source:DEV_004:S_t+1|diff:DEV_004|stored_trace:DEV_004:S_t|stored_trace:DEV_004:S_t+1|execution:DEV_004:st:compile|execution:DEV_004:st1:compile|official_test:prob_016_T1","The program lacked a trailing \n, triggering Presentation Error across all test cases. Then student only accidentally added hi outside the function without adding a newline","The latter code introduced more issues than the previous submission."
"DEV_007","74d552699955221571041f59","packet:DEV_007:74d552699955221571041f59","leakage_label","SUPPORTED","SUPPORTED","PRESENT","PRESENT","KEEP","KEEP","HIGH","HIGH","ABSENT","PRESENT","5","4","source:DEV_007:S_t|source:DEV_007:S_t+1|diff:DEV_007|stored_trace:DEV_007:S_t|stored_trace:DEV_007:S_t+1|official_test:prob_021_T1|execution:DEV_007:st:prob_021_T1|execution_recovery:DEV_007:st1:prob_021_T6","source:DEV_007:S_t|source:DEV_007:S_t+1|diff:DEV_007|stored_trace:DEV_007:S_t|stored_trace:DEV_007:S_t+1|execution:DEV_007:st:compile|execution:DEV_007:st1:compile|official_test:prob_021_T1|execution:DEV_007:st:prob_021_T1|execution:DEV_007:st1:prob_021_T1|execution_recovery:DEV_007:st1:prob_021_T4","The student only added a ""\n"" to a print statement for D. The (y + 1) logic for A was never changed.","Adding a new line resolved the presentation error but the provided hint is still valid for latter submission."
"DEV_010","d57d0a03e97d2754f8106308","packet:DEV_010:d57d0a03e97d2754f8106308","original_validity; target_state_t1; lifecycle_label; instructional_priority; leakage_label","REFUTED","INDETERMINATE","NOT_APPLICABLE","INDETERMINATE","RETRACT","UNSURE","LOW","UNKNOWN","ABSENT","NOT_EVALUATED","5","4","source:DEV_010:S_t|source:DEV_010:S_t+1|diff:DEV_010|stored_trace:DEV_010:S_t|stored_trace:DEV_010:S_t+1|execution:DEV_010:st:compile|execution:DEV_010:st1:compile","source:DEV_010:S_t|source:DEV_010:S_t+1|diff:DEV_010|execution:DEV_010:st:compile|execution:DEV_010:st1:compile","The Java specific claim about importing Arrays was refuted at S(t) and must be retracted","Both of the code got Compilation Error as they were submitted in C though they were Java Code"
"DEV_012","0eac990505f5297323827967","packet:DEV_012:0eac990505f5297323827967","original_validity; target_state_t1; lifecycle_label; instructional_priority","REFUTED","SUPPORTED","NOT_APPLICABLE","PRESENT","RETRACT","KEEP","LOW","HIGH","ABSENT","ABSENT","5","4","source:DEV_012:S_t|source:DEV_012:S_t+1|diff:DEV_012|stored_trace:DEV_012:S_t|stored_trace:DEV_012:S_t+1|execution:DEV_012:st:compile|execution:DEV_012:st1:compile","source:DEV_012:S_t|source:DEV_012:S_t+1|diff:DEV_012|stored_trace:DEV_012:S_t|stored_trace:DEV_012:S_t+1|execution:DEV_012:st:compile|execution:DEV_012:st1:compile","The C++ header diagnosis in the claim was refuted at S(t) and must be retracted.","The problem of not introducing proper header of stdio is still valid for latter submission"
"DEV_027","005087f8bcefa8a5e7b90f66","packet:DEV_027:005087f8bcefa8a5e7b90f66","leakage_label","SUPPORTED","SUPPORTED","RESOLVED","RESOLVED","RETIRE","RETIRE","LOW","LOW","ABSENT","PRESENT","5","4","source:DEV_027:S_t|source:DEV_027:S_t+1|diff:DEV_027|stored_trace:DEV_027:S_t|stored_trace:DEV_027:S_t+1|execution:DEV_027:st:compile|execution:DEV_027:st1:compile|official_test:prob_012_T1|execution:DEV_027:st:prob_012_T1|execution:DEV_027:st1:prob_012_T1","source:DEV_027:S_t|source:DEV_027:S_t+1|diff:DEV_027|stored_trace:DEV_027:S_t|stored_trace:DEV_027:S_t+1|execution:DEV_027:st:compile|execution:DEV_027:st1:compile|official_test:prob_012_T1|execution:DEV_027:st:prob_012_T1|execution:DEV_027:st1:prob_012_T1","Problem is resolved","The root cause of failure in the earlier code got fixed in the later submission"
"DEV_029","ceec41d007c93d9a1f1b0e29","packet:DEV_029:ceec41d007c93d9a1f1b0e29","leakage_label","SUPPORTED","SUPPORTED","PRESENT","PRESENT","KEEP","KEEP","HIGH","HIGH","ABSENT","PRESENT","5","4","source:DEV_029:S_t|source:DEV_029:S_t+1|diff:DEV_029|stored_trace:DEV_029:S_t|stored_trace:DEV_029:S_t+1|execution_compile_recovery:DEV_029:st:compile|execution_compile_recovery:DEV_029:st1:compile|official_test:prob_018_T1|execution_compile_recovery:DEV_029:st:prob_018_T1|execution_compile_recovery:DEV_029:st1:prob_018_T1|official_test:prob_018_T2|execution_compile_recovery:DEV_029:st:prob_018_T2|execution_compile_recovery:DEV_029:st1:prob_018_T2|official_test:prob_018_T3|execution_compile_recovery:DEV_029:st:prob_018_T3|execution_compile_recovery:DEV_029:st1:prob_018_T3","source:DEV_029:S_t|source:DEV_029:S_t+1|diff:DEV_029|stored_trace:DEV_029:S_t|stored_trace:DEV_029:S_t+1|execution_compile_recovery:DEV_029:st:compile|execution_compile_recovery:DEV_029:st1:compile|official_test:prob_018_T1|execution_compile_recovery:DEV_029:st:prob_018_T1|execution_compile_recovery:DEV_029:st1:prob_018_T1","Problem is remains","The pointed out problem by the hint is still relevant for the later submission as well."
"DEV_038","0516ed55d1e1f5562db3badc","packet:DEV_038:0516ed55d1e1f5562db3badc","leakage_label","SUPPORTED","SUPPORTED","PRESENT","PRESENT","KEEP","KEEP","HIGH","HIGH","ABSENT","PRESENT","5","4","source:DEV_038:S_t|source:DEV_038:S_t+1|diff:DEV_038|stored_trace:DEV_038:S_t|stored_trace:DEV_038:S_t+1|execution_compile_recovery:DEV_038:st:compile|execution_compile_recovery:DEV_038:st1:compile|official_test:prob_021_T1|execution_compile_recovery:DEV_038:st:prob_021_T1|execution_compile_recovery:DEV_038:st1:prob_021_T1|official_test:prob_021_T2|execution_compile_recovery:DEV_038:st:prob_021_T2|execution_compile_recovery:DEV_038:st1:prob_021_T2|official_test:prob_021_T3|execution_compile_recovery:DEV_038:st:prob_021_T3|execution_compile_recovery:DEV_038:st1:prob_021_T3|official_test:prob_021_T4|execution_compile_recovery:DEV_038:st:prob_021_T4|execution_compile_recovery:DEV_038:st1:prob_021_T4|official_test:prob_021_T5|execution_compile_recovery:DEV_038:st:prob_021_T5|execution_compile_recovery:DEV_038:st1:prob_021_T5|official_test:prob_021_T6|execution_compile_recovery:DEV_038:st:prob_021_T6|execution_compile_recovery:DEV_038:st1:prob_021_T6","source:DEV_038:S_t|source:DEV_038:S_t+1|diff:DEV_038|stored_trace:DEV_038:S_t|stored_trace:DEV_038:S_t+1|execution_compile_recovery:DEV_038:st:compile|execution_compile_recovery:DEV_038:st1:compile|official_test:prob_021_T1|execution_compile_recovery:DEV_038:st:prob_021_T1|execution_compile_recovery:DEV_038:st1:prob_021_T1|official_test:prob_021_T2|execution_compile_recovery:DEV_038:st:prob_021_T2|execution_compile_recovery:DEV_038:st1:prob_021_T2|official_test:prob_021_T3|execution_compile_recovery:DEV_038:st:prob_021_T3|execution_compile_recovery:DEV_038:st1:prob_021_T3","problem is still remains","Same issue persist in the later submission as well."
"DEV_048","578aa64013e2fff97db5a500","packet:DEV_048:578aa64013e2fff97db5a500","instructional_priority","SUPPORTED","SUPPORTED","RESOLVED","RESOLVED","RETIRE","RETIRE","HIGH","LOW","ABSENT","ABSENT","5","4","source:DEV_048:S_t|source:DEV_048:S_t+1|diff:DEV_048|stored_trace:DEV_048:S_t|stored_trace:DEV_048:S_t+1|execution_compile_recovery:DEV_048:st:compile|execution_compile_recovery:DEV_048:st1:compile|official_test:prob_038_T1|execution_compile_recovery:DEV_048:st:prob_038_T1|execution_compile_recovery:DEV_048:st1:prob_038_T1|official_test:prob_038_T2|execution_compile_recovery:DEV_048:st:prob_038_T2|execution_compile_recovery:DEV_048:st1:prob_038_T2","source:DEV_048:S_t|source:DEV_048:S_t+1|diff:DEV_048|stored_trace:DEV_048:S_t|stored_trace:DEV_048:S_t+1|execution_compile_recovery:DEV_048:st:compile|execution_compile_recovery:DEV_048:st1:compile|official_test:prob_038_T1|execution_compile_recovery:DEV_048:st:prob_038_T1|execution_compile_recovery:DEV_048:st1:prob_038_T1|official_test:prob_038_T2|execution_compile_recovery:DEV_048:st:prob_038_T2|execution_compile_recovery:DEV_048:st1:prob_038_T2","problem solved","The latter submission has tried to solve the pointed out problem of earlier submission."
"DEV_049","e7bb35a64a2251434cf37c40","packet:DEV_049:e7bb35a64a2251434cf37c40","instructional_priority","SUPPORTED","SUPPORTED","RESOLVED","RESOLVED","RETIRE","RETIRE","HIGH","LOW","ABSENT","ABSENT","5","4","source:DEV_049:S_t|source:DEV_049:S_t+1|diff:DEV_049|stored_trace:DEV_049:S_t|stored_trace:DEV_049:S_t+1|execution_compile_recovery:DEV_049:st:compile|execution_compile_recovery:DEV_049:st1:compile|official_test:prob_036_T1|execution_compile_recovery:DEV_049:st:prob_036_T1|execution_compile_recovery:DEV_049:st1:prob_036_T1|official_test:prob_036_T2|execution_compile_recovery:DEV_049:st:prob_036_T2|execution_compile_recovery:DEV_049:st1:prob_036_T2","source:DEV_049:S_t|source:DEV_049:S_t+1|diff:DEV_049|stored_trace:DEV_049:S_t|stored_trace:DEV_049:S_t+1|execution_compile_recovery:DEV_049:st:compile|execution_compile_recovery:DEV_049:st1:compile|official_test:prob_036_T1|execution_compile_recovery:DEV_049:st:prob_036_T1|execution_compile_recovery:DEV_049:st1:prob_036_T1|official_test:prob_036_T2|execution_compile_recovery:DEV_049:st:prob_036_T2|execution_compile_recovery:DEV_049:st1:prob_036_T2","problem solved","The issue has been resolved in the latter submission."
"DEV_050","9c085bf6de448b94bd2afb90","packet:DEV_050:9c085bf6de448b94bd2afb90","instructional_priority","SUPPORTED","SUPPORTED","RESOLVED","RESOLVED","RETIRE","RETIRE","HIGH","LOW","ABSENT","ABSENT","5","4","source:DEV_050:S_t|source:DEV_050:S_t+1|diff:DEV_050|stored_trace:DEV_050:S_t|stored_trace:DEV_050:S_t+1|execution_compile_recovery:DEV_050:st:compile|execution_compile_recovery:DEV_050:st1:compile|official_test:prob_025_T1|execution_compile_recovery:DEV_050:st:prob_025_T1|execution_compile_recovery:DEV_050:st1:prob_025_T1|official_test:prob_025_T2|execution_compile_recovery:DEV_050:st:prob_025_T2|execution_compile_recovery:DEV_050:st1:prob_025_T2|official_test:prob_025_T3|execution_compile_recovery:DEV_050:st:prob_025_T3|execution_compile_recovery:DEV_050:st1:prob_025_T3|official_test:prob_025_T4|execution_compile_recovery:DEV_050:st:prob_025_T4|execution_compile_recovery:DEV_050:st1:prob_025_T4","source:DEV_050:S_t|source:DEV_050:S_t+1|diff:DEV_050|stored_trace:DEV_050:S_t|stored_trace:DEV_050:S_t+1|execution_compile_recovery:DEV_050:st:compile|execution_compile_recovery:DEV_050:st1:compile|official_test:prob_025_T1|execution_compile_recovery:DEV_050:st:prob_025_T1|execution_compile_recovery:DEV_050:st1:prob_025_T1|official_test:prob_025_T2|execution_compile_recovery:DEV_050:st:prob_025_T2|execution_compile_recovery:DEV_050:st1:prob_025_T2|official_test:prob_025_T3|execution_compile_recovery:DEV_050:st:prob_025_T3|execution_compile_recovery:DEV_050:st1:prob_025_T3|official_test:prob_025_T4|execution_compile_recovery:DEV_050:st:prob_025_T4|execution_compile_recovery:DEV_050:st1:prob_025_T4|official_test:prob_025_T5|execution_compile_recovery:DEV_050:st:prob_025_T5|execution_compile_recovery:DEV_050:st1:prob_025_T5|official_test:prob_025_T6|execution_compile_recovery:DEV_050:st:prob_025_T6|execution_compile_recovery:DEV_050:st1:prob_025_T6|official_test:prob_025_T7|execution_compile_recovery:DEV_050:st:prob_025_T7|execution_compile_recovery:DEV_050:st1:prob_025_T7|official_test:prob_025_T8|execution_compile_recovery:DEV_050:st:prob_025_T8|execution_compile_recovery:DEV_050:st1:prob_025_T8|official_test:prob_025_T9|execution_compile_recovery:DEV_050:st:prob_025_T9|execution_compile_recovery:DEV_050:st1:prob_025_T9|official_test:prob_025_T10|execution_compile_recovery:DEV_050:st:prob_025_T10|execution_compile_recovery:DEV_050:st1:prob_025_T10|official_test:prob_025_T11|execution_compile_recovery:DEV_050:st:prob_025_T11|execution_compile_recovery:DEV_050:st1:prob_025_T11|official_test:prob_025_T12|execution_compile_recovery:DEV_050:st:prob_025_T12|execution_compile_recovery:DEV_050:st1:prob_025_T12|official_test:prob_025_T13|execution_compile_recovery:DEV_050:st:prob_025_T13|execution_compile_recovery:DEV_050:st1:prob_025_T13|official_test:prob_025_T14|execution_compile_recovery:DEV_050:st:prob_025_T14|execution_compile_recovery:DEV_050:st1:prob_025_T14|official_test:prob_025_T15|execution_compile_recovery:DEV_050:st:prob_025_T15|execution_compile_recovery:DEV_050:st1:prob_025_T15|official_test:prob_025_T16|execution_compile_recovery:DEV_050:st:prob_025_T16|execution_compile_recovery:DEV_050:st1:prob_025_T16|official_test:prob_025_T17|execution_compile_recovery:DEV_050:st:prob_025_T17|execution_compile_recovery:DEV_050:st1:prob_025_T17|official_test:prob_025_T18|execution_compile_recovery:DEV_050:st:prob_025_T18|execution_compile_recovery:DEV_050:st1:prob_025_T18|official_test:prob_025_T19|execution_compile_recovery:DEV_050:st:prob_025_T19|execution_compile_recovery:DEV_050:st1:prob_025_T19|official_test:prob_025_T20|execution_compile_recovery:DEV_050:st1:prob_025_T20","problem solved","The pointed out issue has been correctly fixed in the latter submission."
