item_id,transition_id,packet_id,annotator_id,rubric_version,original_validity,target_state_t1,lifecycle_label,instructional_priority,leakage_label,evidence_ids,confidence,short_reason
CAL_002,1e1a1bd6048e29763c10e987,packet:CAL_002:1e1a1bd6048e29763c10e987,A01,v2.0,SUPPORTED,RESOLVED,RETIRE,LOW,PRESENT,source:CAL_002:S_t|source:CAL_002:S_t+1|diff:CAL_002|stored_trace:CAL_002:S_t|stored_trace:CAL_002:S_t+1|execution:CAL_002:st:compile|execution:CAL_002:st1:compile|official_test:prob_015_T1|official_test:prob_015_T2|official_test:prob_015_T3|official_test:prob_015_T4|official_test:prob_015_T5|execution:CAL_002:st:prob_015_T1|execution:CAL_002:st1:prob_015_T1|execution:CAL_002:st:prob_015_T2|execution:CAL_002:st1:prob_015_T2|execution:CAL_002:st:prob_015_T3|execution:CAL_002:st1:prob_015_T3|execution:CAL_002:st:prob_015_T4|execution:CAL_002:st1:prob_015_T4|execution:CAL_002:st:prob_015_T5|execution:CAL_002:st1:prob_015_T5,5,problem fixed
CAL_003,caf52b99f5975394a94b61cb,packet:CAL_003:caf52b99f5975394a94b61cb,A01,v2.0,SUPPORTED,INDETERMINATE,UNSURE,HIGH,ABSENT,source:CAL_003:S_t|source:CAL_003:S_t+1|diff:CAL_003|stored_trace:CAL_003:S_t|stored_trace:CAL_003:S_t+1|execution:CAL_003:st:compile|execution:CAL_003:st1:compile|official_test:prob_015_T1|official_test:prob_015_T2|official_test:prob_015_T3|execution:CAL_003:st:prob_015_T1|execution:CAL_003:st1:prob_015_T1|execution:CAL_003:st:prob_015_T2,4,not sure
CAL_006,1b4278f8beebeefae9f2a85d,packet:CAL_006:1b4278f8beebeefae9f2a85d,A01,v2.0,SUPPORTED,PRESENT,KEEP,HIGH,ABSENT,source:CAL_006:S_t|source:CAL_006:S_t+1|diff:CAL_006|stored_trace:CAL_006:S_t|stored_trace:CAL_006:S_t+1|execution:CAL_006:st:compile|execution:CAL_006:st1:compile|official_test:prob_015_T1|official_test:prob_015_T2|official_test:prob_015_T3|official_test:prob_015_T4|execution:CAL_006:st:prob_015_T1|execution:CAL_006:st1:prob_015_T1|execution:CAL_006:st:prob_015_T2|execution:CAL_006:st1:prob_015_T2|execution:CAL_006:st:prob_015_T3|execution:CAL_006:st1:prob_015_T3|execution:CAL_006:st:prob_015_T4|execution:CAL_006:st1:prob_015_T4,5,problem remains
CAL_007,d4491303fdb91e18ef2fd371,packet:CAL_007:d4491303fdb91e18ef2fd371,A01,v2.0,SUPPORTED,RESOLVED,RETIRE,LOW,ABSENT,source:CAL_007:S_t|source:CAL_007:S_t+1|diff:CAL_007|stored_trace:CAL_007:S_t|stored_trace:CAL_007:S_t+1|execution:CAL_007:st:compile|execution:CAL_007:st1:compile|official_test:prob_015_T1|official_test:prob_015_T2|official_test:prob_015_T3|official_test:prob_015_T4|official_test:prob_015_T5|execution:CAL_007:st:prob_015_T1|execution:CAL_007:st1:prob_015_T1|execution:CAL_007:st:prob_015_T2|execution:CAL_007:st1:prob_015_T2|execution:CAL_007:st:prob_015_T3|execution:CAL_007:st1:prob_015_T3|execution:CAL_007:st:prob_015_T4|execution:CAL_007:st1:prob_015_T4|execution:CAL_007:st:prob_015_T5|execution:CAL_007:st1:prob_015_T5,5,problem fixed
CAL_008,50c354f53d4cb51b093931f3,packet:CAL_008:50c354f53d4cb51b093931f3,A01,v2.0,SUPPORTED,RESOLVED,RETIRE,LOW,ABSENT,source:CAL_008:S_t|source:CAL_008:S_t+1|diff:CAL_008|stored_trace:CAL_008:S_t|stored_trace:CAL_008:S_t+1|execution:CAL_008:st:compile|execution:CAL_008:st1:compile|official_test:prob_034_T1|official_test:prob_034_T2|execution:CAL_008:st:prob_034_T1|execution:CAL_008:st1:prob_034_T1|execution:CAL_008:st:prob_034_T2|execution:CAL_008:st1:prob_034_T2,5,Problem fixed
CAL_009,9b8daa4da9206ee4fcb1d416,packet:CAL_009:9b8daa4da9206ee4fcb1d416,A01,v2.0,REFUTED,NOT_APPLICABLE,RETRACT,HIGH,ABSENT,source:CAL_009:S_t|source:CAL_009:S_t+1|diff:CAL_009|stored_trace:CAL_009:S_t|stored_trace:CAL_009:S_t+1|execution:CAL_009:st:compile|execution:CAL_009:st1:compile|official_test:prob_034_T1|official_test:prob_034_T2|execution:CAL_009:st:prob_034_T1|execution:CAL_009:st1:prob_034_T1|execution:CAL_009:st:prob_034_T2|execution:CAL_009:st1:prob_034_T2,4,claim false
CAL_010,4dbca962e0c9035a4b337967,packet:CAL_010:4dbca962e0c9035a4b337967,A01,v2.0,SUPPORTED,RESOLVED,RETIRE,LOW,ABSENT,source:CAL_010:S_t|source:CAL_010:S_t+1|diff:CAL_010|stored_trace:CAL_010:S_t|stored_trace:CAL_010:S_t+1|execution:CAL_010:st:compile|execution:CAL_010:st1:compile|official_test:prob_034_T1|official_test:prob_034_T2|execution:CAL_010:st:prob_034_T1|execution:CAL_010:st1:prob_034_T1,5,problem fixed
CAL_011,98aaa276a28d4618559cf201,packet:CAL_011:98aaa276a28d4618559cf201,A01,v2.0,SUPPORTED,RESOLVED,RETIRE,LOW,ABSENT,source:CAL_011:S_t|source:CAL_011:S_t+1|diff:CAL_011|stored_trace:CAL_011:S_t|stored_trace:CAL_011:S_t+1|execution:CAL_011:st:compile|execution:CAL_011:st1:compile|official_test:prob_015_T1|official_test:prob_015_T2|official_test:prob_015_T3|official_test:prob_015_T4|execution:CAL_011:st:prob_015_T1|execution:CAL_011:st1:prob_015_T1|execution:CAL_011:st:prob_015_T2|execution:CAL_011:st1:prob_015_T2|execution:CAL_011:st:prob_015_T3|execution:CAL_011:st1:prob_015_T3|execution:CAL_011:st:prob_015_T4|execution:CAL_011:st1:prob_015_T4,5,fixed
CAL_012,78c65540121060be44a3e91d,packet:CAL_012:78c65540121060be44a3e91d,A01,v2.0,SUPPORTED,RESOLVED,RETIRE,LOW,ABSENT,source:CAL_012:S_t|source:CAL_012:S_t+1|diff:CAL_012|stored_trace:CAL_012:S_t|stored_trace:CAL_012:S_t+1|execution:CAL_012:st:compile|execution:CAL_012:st1:compile|official_test:prob_017_T1|official_test:prob_017_T2|official_test:prob_017_T3|official_test:prob_017_T4|execution:CAL_012:st:prob_017_T1|execution:CAL_012:st1:prob_017_T1|execution:CAL_012:st:prob_017_T2|execution:CAL_012:st1:prob_017_T2|execution:CAL_012:st:prob_017_T3|execution:CAL_012:st1:prob_017_T3|execution:CAL_012:st:prob_017_T4|execution:CAL_012:st1:prob_017_T4,5,fixed
CAL_013,40b436b9016067f83356462f,packet:CAL_013:40b436b9016067f83356462f,A01,v2.0,SUPPORTED,PRESENT,KEEP,HIGH,ABSENT,source:CAL_013:S_t|source:CAL_013:S_t+1|diff:CAL_013|stored_trace:CAL_013:S_t|stored_trace:CAL_013:S_t+1|execution:CAL_013:st:compile|execution:CAL_013:st1:compile|official_test:prob_034_T1|official_test:prob_034_T2|execution:CAL_013:st:prob_034_T1|execution:CAL_013:st1:prob_034_T1|execution:CAL_013:st:prob_034_T2|execution:CAL_013:st1:prob_034_T2,5,not fixed
CAL_014,42f2616488490934e73b96d2,packet:CAL_014:42f2616488490934e73b96d2,A01,v2.0,SUPPORTED,RESOLVED,RETIRE,LOW,ABSENT,source:CAL_014:S_t|source:CAL_014:S_t+1|diff:CAL_014|stored_trace:CAL_014:S_t|stored_trace:CAL_014:S_t+1|execution:CAL_014:st:compile|execution:CAL_014:st1:compile|official_test:prob_034_T1|official_test:prob_034_T2|execution:CAL_014:st:prob_034_T1|execution:CAL_014:st1:prob_034_T1|execution:CAL_014:st:prob_034_T2|execution:CAL_014:st1:prob_034_T2,5,fixed
CAL_015,3aac9ade5e3cacfa5370715c,packet:CAL_015:3aac9ade5e3cacfa5370715c,A01,v2.0,SUPPORTED,PRESENT,KEEP,HIGH,ABSENT,source:CAL_015:S_t|source:CAL_015:S_t+1|diff:CAL_015|stored_trace:CAL_015:S_t|stored_trace:CAL_015:S_t+1|execution:CAL_015:st:compile|execution:CAL_015:st1:compile|official_test:prob_015_T1|official_test:prob_015_T2|official_test:prob_015_T3|official_test:prob_015_T4|official_test:prob_015_T5|execution:CAL_015:st:prob_015_T1|execution:CAL_015:st1:prob_015_T1|execution:CAL_015:st:prob_015_T2|execution:CAL_015:st1:prob_015_T2|execution:CAL_015:st:prob_015_T3|execution:CAL_015:st1:prob_015_T3|execution:CAL_015:st:prob_015_T4|execution:CAL_015:st1:prob_015_T4|execution:CAL_015:st:prob_015_T5|execution:CAL_015:st1:prob_015_T5,5,not fixed
CAL_017,f4f128f61742671063172edc,packet:CAL_017:f4f128f61742671063172edc,A01,v2.0,SUPPORTED,RESOLVED,RETIRE,LOW,PRESENT,source:CAL_017:S_t|source:CAL_017:S_t+1|diff:CAL_017|stored_trace:CAL_017:S_t|stored_trace:CAL_017:S_t+1|execution:CAL_017:st:compile|execution:CAL_017:st1:compile|official_test:prob_015_T1|official_test:prob_015_T2|official_test:prob_015_T3|official_test:prob_015_T4|official_test:prob_015_T5|execution:CAL_017:st:prob_015_T1|execution:CAL_017:st1:prob_015_T1|execution:CAL_017:st:prob_015_T2|execution:CAL_017:st1:prob_015_T2|execution:CAL_017:st:prob_015_T3|execution:CAL_017:st1:prob_015_T3|execution:CAL_017:st:prob_015_T4|execution:CAL_017:st1:prob_015_T4|execution:CAL_017:st:prob_015_T5|execution:CAL_017:st1:prob_015_T5,5,resolved
CAL_018,f1a4053fa5c5ba49f19d33c0,packet:CAL_018:f1a4053fa5c5ba49f19d33c0,A01,v2.0,SUPPORTED,PRESENT,KEEP,HIGH,ABSENT,source:CAL_018:S_t|source:CAL_018:S_t+1|diff:CAL_018|stored_trace:CAL_018:S_t|stored_trace:CAL_018:S_t+1|execution:CAL_018:st:compile|execution:CAL_018:st1:compile|official_test:prob_015_T1|official_test:prob_015_T2|official_test:prob_015_T3|execution:CAL_018:st:prob_015_T1|execution:CAL_018:st1:prob_015_T1|execution:CAL_018:st:prob_015_T2,5,not fixed
CAL_019,6f69456ac8ec5c4b1639f8fb,packet:CAL_019:6f69456ac8ec5c4b1639f8fb,A01,v2.0,SUPPORTED,PRESENT,KEEP,HIGH,ABSENT,source:CAL_019:S_t|source:CAL_019:S_t+1|diff:CAL_019|stored_trace:CAL_019:S_t|stored_trace:CAL_019:S_t+1|execution:CAL_019:st:compile|execution:CAL_019:st1:compile|official_test:prob_015_T1|official_test:prob_015_T2|official_test:prob_015_T3|official_test:prob_015_T4|official_test:prob_015_T5|execution:CAL_019:st:prob_015_T1|execution:CAL_019:st1:prob_015_T1|execution:CAL_019:st:prob_015_T2|execution:CAL_019:st1:prob_015_T2|execution:CAL_019:st:prob_015_T3|execution:CAL_019:st1:prob_015_T3|execution:CAL_019:st:prob_015_T4|execution:CAL_019:st1:prob_015_T4|execution:CAL_019:st:prob_015_T5|execution:CAL_019:st1:prob_015_T5,5,not fixed
CAL_020,bb147b2cb0dbed432a5be49e,packet:CAL_020:bb147b2cb0dbed432a5be49e,A01,v2.0,SUPPORTED,RESOLVED,RETIRE,LOW,ABSENT,source:CAL_020:S_t|source:CAL_020:S_t+1|diff:CAL_020|stored_trace:CAL_020:S_t|stored_trace:CAL_020:S_t+1|execution:CAL_020:st:compile|execution:CAL_020:st1:compile|official_test:prob_015_T1|official_test:prob_015_T2|official_test:prob_015_T3|official_test:prob_015_T4|official_test:prob_015_T5|execution:CAL_020:st:prob_015_T1|execution:CAL_020:st1:prob_015_T1|execution:CAL_020:st:prob_015_T2|execution:CAL_020:st1:prob_015_T2|execution:CAL_020:st:prob_015_T3|execution:CAL_020:st1:prob_015_T3|execution:CAL_020:st:prob_015_T4|execution:CAL_020:st1:prob_015_T4|execution:CAL_020:st:prob_015_T5|execution:CAL_020:st1:prob_015_T5,5,solved