item_id,st,st1,diff,problem,hint,claim,compiler,tests,traces,status
DEV_001,yes,yes,yes,yes,yes,yes,yes,yes,yes,complete
DEV_002,yes,yes,yes,yes,yes,yes,yes,yes,yes,complete
DEV_003,yes,yes,yes,yes,yes,yes,yes,yes,yes,complete
DEV_004,yes,yes,yes,yes,yes,yes,yes,yes,yes,complete
DEV_005,yes,yes,yes,yes,yes,yes,yes,yes,yes,complete
DEV_006,yes,yes,yes,yes,yes,yes,yes,yes,yes,complete
DEV_007,yes,yes,yes,yes,yes,yes,yes,yes,yes,complete
DEV_008,yes,yes,yes,yes,yes,yes,yes,yes,yes,complete
DEV_009,yes,yes,yes,yes,yes,yes,yes,yes,yes,complete
DEV_010,yes,yes,yes,yes,yes,yes,yes,yes,yes,complete
DEV_011,yes,yes,yes,yes,yes,yes,yes,yes,yes,complete
DEV_012,yes,yes,yes,yes,yes,yes,yes,yes,yes,complete
DEV_013,yes,yes,yes,yes,yes,yes,yes,yes,yes,complete
DEV_014,yes,yes,yes,yes,yes,yes,yes,yes,yes,complete
DEV_015,yes,yes,yes,yes,yes,yes,yes,yes,yes,complete
DEV_016,yes,yes,yes,yes,yes,yes,yes,yes,yes,complete
DEV_017,yes,yes,yes,yes,yes,yes,yes,yes,yes,complete
DEV_018,yes,yes,yes,yes,yes,yes,yes,yes,yes,complete
DEV_019,yes,yes,yes,yes,yes,yes,yes,yes,yes,complete
DEV_020,yes,yes,yes,yes,yes,yes,yes,yes,yes,complete
DEV_021,yes,yes,yes,yes,yes,yes,yes,yes,yes,complete
DEV_022,yes,yes,yes,yes,yes,yes,yes,yes,yes,complete
DEV_023,yes,yes,yes,yes,yes,yes,yes,yes,yes,complete
DEV_024,yes,yes,yes,yes,yes,yes,yes,yes,yes,complete
DEV_025,yes,yes,yes,yes,yes,yes,yes,yes,yes,complete
DEV_026,yes,yes,yes,yes,yes,yes,yes,yes,yes,complete
DEV_027,yes,yes,yes,yes,yes,yes,yes,yes,yes,complete
DEV_028,yes,yes,yes,yes,yes,yes,yes,yes,yes,complete
DEV_029,yes,yes,yes,yes,yes,yes,yes,yes,yes,complete
DEV_030,yes,yes,yes,yes,yes,yes,yes,yes,yes,complete
DEV_031,yes,yes,yes,yes,yes,yes,yes,yes,yes,complete
DEV_032,yes,yes,yes,yes,yes,yes,yes,yes,yes,complete
DEV_033,yes,yes,yes,yes,yes,yes,yes,yes,yes,complete
DEV_034,yes,yes,yes,yes,yes,yes,yes,yes,yes,complete
DEV_035,yes,yes,yes,yes,yes,yes,yes,yes,yes,complete
DEV_036,yes,yes,yes,yes,yes,yes,yes,yes,yes,complete
DEV_037,yes,yes,yes,yes,yes,yes,yes,yes,yes,complete
DEV_038,yes,yes,yes,yes,yes,yes,yes,yes,yes,complete
DEV_039,yes,yes,yes,yes,yes,yes,yes,yes,yes,complete
DEV_040,yes,yes,yes,yes,yes,yes,yes,yes,yes,complete
DEV_041,yes,yes,yes,yes,yes,yes,yes,yes,yes,complete
DEV_042,yes,yes,yes,yes,yes,yes,yes,yes,yes,complete
DEV_043,yes,yes,yes,yes,yes,yes,yes,yes,yes,complete
DEV_044,yes,yes,yes,yes,yes,yes,yes,yes,yes,complete
DEV_045,yes,yes,yes,yes,yes,yes,yes,yes,yes,complete
DEV_046,yes,yes,yes,yes,yes,yes,yes,yes,yes,complete
DEV_047,yes,yes,yes,yes,yes,yes,yes,yes,yes,complete
DEV_048,yes,yes,yes,yes,yes,yes,yes,yes,yes,complete
DEV_049,yes,yes,yes,yes,yes,yes,yes,yes,yes,complete
DEV_050,yes,yes,yes,yes,yes,yes,yes,yes,yes,complete
