item_id,transition_id,problem_id,packet_id,partition
DEV_001,06a4393d99493474f6341604,prob_012,packet:DEV_001:06a4393d99493474f6341604,development
DEV_002,4e34b5bfe003e1934ca74455,prob_013,packet:DEV_002:4e34b5bfe003e1934ca74455,development
DEV_003,f5c340bee82b0bce73683962,prob_014,packet:DEV_003:f5c340bee82b0bce73683962,development
DEV_004,915700df68554ff734e89c02,prob_016,packet:DEV_004:915700df68554ff734e89c02,development
DEV_005,5fef4940fc9418d29db99f8e,prob_018,packet:DEV_005:5fef4940fc9418d29db99f8e,development
DEV_006,7941b6f1f9f93575700a3940,prob_020,packet:DEV_006:7941b6f1f9f93575700a3940,development
DEV_007,74d552699955221571041f59,prob_021,packet:DEV_007:74d552699955221571041f59,development
DEV_008,05a7f52d93e40b43d7d3276e,prob_022,packet:DEV_008:05a7f52d93e40b43d7d3276e,development
DEV_009,573b2d2ad4dae749787b7290,prob_025,packet:DEV_009:573b2d2ad4dae749787b7290,development
DEV_010,d57d0a03e97d2754f8106308,prob_029,packet:DEV_010:d57d0a03e97d2754f8106308,development
DEV_011,39b0a30e7d287ccf582e708f,prob_030,packet:DEV_011:39b0a30e7d287ccf582e708f,development
DEV_012,0eac990505f5297323827967,prob_031,packet:DEV_012:0eac990505f5297323827967,development
DEV_013,d58edafc6726156df1e6315e,prob_032,packet:DEV_013:d58edafc6726156df1e6315e,development
DEV_014,cc0ea5a5b1b56d53e4fe2997,prob_033,packet:DEV_014:cc0ea5a5b1b56d53e4fe2997,development
DEV_015,84e5dec1257381caf0e39983,prob_036,packet:DEV_015:84e5dec1257381caf0e39983,development
DEV_016,8505cb41c1cb93b3032debb9,prob_037,packet:DEV_016:8505cb41c1cb93b3032debb9,development
DEV_017,4b460c5ddaf58defddeb6785,prob_038,packet:DEV_017:4b460c5ddaf58defddeb6785,development
DEV_018,625cbed41053e41dfd826ce1,prob_044,packet:DEV_018:625cbed41053e41dfd826ce1,development
DEV_019,99e657f48f1abdc012296de4,prob_045,packet:DEV_019:99e657f48f1abdc012296de4,development
DEV_020,10805732ddc6ace2f82f83ad,prob_018,packet:DEV_020:10805732ddc6ace2f82f83ad,development
DEV_021,0be087615bc7e8d1e5fc1a9a,prob_037,packet:DEV_021:0be087615bc7e8d1e5fc1a9a,development
DEV_022,843fd1c43df8e28a4516a72c,prob_037,packet:DEV_022:843fd1c43df8e28a4516a72c,development
DEV_023,fbe7cb66ed0f2ef2544818cb,prob_013,packet:DEV_023:fbe7cb66ed0f2ef2544818cb,development
DEV_024,50a897b1017b26246996c843,prob_021,packet:DEV_024:50a897b1017b26246996c843,development
DEV_025,92c8320d2a62bb0ba280d450,prob_037,packet:DEV_025:92c8320d2a62bb0ba280d450,development
DEV_026,e87d91d6df04037f1a319873,prob_025,packet:DEV_026:e87d91d6df04037f1a319873,development
DEV_027,005087f8bcefa8a5e7b90f66,prob_012,packet:DEV_027:005087f8bcefa8a5e7b90f66,development
DEV_028,0410008474cd582a89cc996e,prob_021,packet:DEV_028:0410008474cd582a89cc996e,development
DEV_029,ceec41d007c93d9a1f1b0e29,prob_018,packet:DEV_029:ceec41d007c93d9a1f1b0e29,development
DEV_030,a3061b3cbf512eac820fc6db,prob_037,packet:DEV_030:a3061b3cbf512eac820fc6db,development
DEV_031,5a16b9d915babc9f817ec285,prob_021,packet:DEV_031:5a16b9d915babc9f817ec285,development
DEV_032,c0519af9d8ca35e704e18222,prob_032,packet:DEV_032:c0519af9d8ca35e704e18222,development
DEV_033,17b0015957e8be77082962d4,prob_037,packet:DEV_033:17b0015957e8be77082962d4,development
DEV_034,fccd8ef36704abc9eca4c1a4,prob_021,packet:DEV_034:fccd8ef36704abc9eca4c1a4,development
DEV_035,0bcf269768466530bad2ed24,prob_037,packet:DEV_035:0bcf269768466530bad2ed24,development
DEV_036,4a0a7b64a944c76362ed5d62,prob_018,packet:DEV_036:4a0a7b64a944c76362ed5d62,development
DEV_037,58ca15eef9316f22c809fd4c,prob_021,packet:DEV_037:58ca15eef9316f22c809fd4c,development
DEV_038,0516ed55d1e1f5562db3badc,prob_021,packet:DEV_038:0516ed55d1e1f5562db3badc,development
DEV_039,1e171ad07857c0e264ba9ee4,prob_016,packet:DEV_039:1e171ad07857c0e264ba9ee4,development
DEV_040,0318c8fcb723382bea8635f4,prob_044,packet:DEV_040:0318c8fcb723382bea8635f4,development
DEV_041,dde985e9b53dcf2bdec2320a,prob_018,packet:DEV_041:dde985e9b53dcf2bdec2320a,development
DEV_042,ec4dade2858ed53fe5cb0732,prob_038,packet:DEV_042:ec4dade2858ed53fe5cb0732,development
DEV_043,020eeee243a531f09d7b2324,prob_021,packet:DEV_043:020eeee243a531f09d7b2324,development
DEV_044,810ef6d7f22aa4f4d0539b99,prob_037,packet:DEV_044:810ef6d7f22aa4f4d0539b99,development
DEV_045,95f46db18e01f09f4b01a86f,prob_016,packet:DEV_045:95f46db18e01f09f4b01a86f,development
DEV_046,21d619a96a4bed3785687c7b,prob_031,packet:DEV_046:21d619a96a4bed3785687c7b,development
DEV_047,dd032b2e16eaef4c5af72aaf,prob_020,packet:DEV_047:dd032b2e16eaef4c5af72aaf,development
DEV_048,578aa64013e2fff97db5a500,prob_038,packet:DEV_048:578aa64013e2fff97db5a500,development
DEV_049,e7bb35a64a2251434cf37c40,prob_036,packet:DEV_049:e7bb35a64a2251434cf37c40,development
DEV_050,9c085bf6de448b94bd2afb90,prob_025,packet:DEV_050:9c085bf6de448b94bd2afb90,development
