condition,gold_label,predicted_label,count,abstentions_separate
B,KEEP,KEEP,19,
B,KEEP,RETIRE,0,
B,KEEP,RETRACT,1,
B,KEEP,UNSURE,0,1
B,RETIRE,KEEP,0,
B,RETIRE,RETIRE,29,
B,RETIRE,RETRACT,0,
B,RETIRE,UNSURE,0,1
B,RETRACT,KEEP,0,
B,RETRACT,RETIRE,0,
B,RETRACT,RETRACT,0,
B,RETRACT,UNSURE,0,1
B,UNSURE,KEEP,0,
B,UNSURE,RETIRE,0,
B,UNSURE,RETRACT,0,
B,UNSURE,UNSURE,0,1
C,KEEP,KEEP,19,
C,KEEP,RETIRE,0,
C,KEEP,RETRACT,1,
C,KEEP,UNSURE,0,1
C,RETIRE,KEEP,0,
C,RETIRE,RETIRE,29,
C,RETIRE,RETRACT,0,
C,RETIRE,UNSURE,0,1
C,RETRACT,KEEP,0,
C,RETRACT,RETIRE,0,
C,RETRACT,RETRACT,0,
C,RETRACT,UNSURE,0,1
C,UNSURE,KEEP,0,
C,UNSURE,RETIRE,0,
C,UNSURE,RETRACT,0,
C,UNSURE,UNSURE,0,1
