item_id,generation_case_id,transition_id,trajectory_id,participant_id_hash,problem_id,submission_id_t,submission_id_t1,attempt_t,attempt_t1,partition,source_order,selection_order,selection_seed,selection_rule,created_before_labels
CAL_001,1f49a229514187075403b700,504172cbe0367642914b3e3e,0baf54458ada2cf0b399,0e3e7331d71482bf,prob_001,3a2de822-a904-4b56-8e91-31063f16e007-47856876,8929d495-a1ca-4695-b125-5ac6b0f0ac4c-28609285,1,2,validation,5,1,20260926,seeded random sample without replacement from validation transition order; output restored to source order,true
CAL_002,b02b1d766a935b71677a0def,1e1a1bd6048e29763c10e987,322ac3415ea1da69ee4f,3a76f378d6ad5fd8,prob_015,2f0cc8f2-f80a-417e-9bdb-1f894b0c910e-68120178,eb26e82f-8a60-431c-8c99-fcaa5632cf0f-30823553,3,4,validation,10,2,20260926,seeded random sample without replacement from validation transition order; output restored to source order,true
CAL_003,16bec2f59d2c35d8a69486f9,caf52b99f5975394a94b61cb,322ac3415ea1da69ee4f,3a76f378d6ad5fd8,prob_015,42deb995-bc8a-43de-a2bc-0647a9c05d3c-46335858,bc25a9af-e49e-4fc1-aced-b8f0c8f6a117-67760674,5,6,validation,12,3,20260926,seeded random sample without replacement from validation transition order; output restored to source order,true
CAL_004,92c653f3e251f3fa6bb7740d,fb6eb8fc56b62a76965f2897,1c0d3bccc201efa6a5db,923a86a8ccf96b7b,prob_015,8a0d79b5-3b57-4ec9-a5fe-9cbb97304910-4106227,ab7faddc-cb8c-418e-8539-b3648d136415-27460620,1,2,validation,14,4,20260926,seeded random sample without replacement from validation transition order; output restored to source order,true
CAL_005,b96636bfd11423d4b9f10e3f,926280647f864331f34c1900,2fe21b62aa5109000d5d,07fb7c4676f65489,prob_015,758812c6-dc01-4550-804e-1525a9a922fe-33286362,c46672a7-05b8-44f2-8bd3-17f257f2effc-20801199,4,5,validation,19,5,20260926,seeded random sample without replacement from validation transition order; output restored to source order,true
CAL_006,2ced3223cfe8831fa64b4475,1b4278f8beebeefae9f2a85d,0546980b3882947b645f,927033afb815675e,prob_015,ac412784-6d87-4456-b5ce-f8ea86591d62-63617072,05817ee9-6126-4172-b29d-b5932dc8b6ad-87472544,4,5,validation,30,6,20260926,seeded random sample without replacement from validation transition order; output restored to source order,true
CAL_007,ca3c8b40e26acf48ca94a889,d4491303fdb91e18ef2fd371,0546980b3882947b645f,927033afb815675e,prob_015,03dba7cf-04cc-4d37-ae2a-9050ee29e8d0-66683674,2f7a6ee5-8fae-4f89-8289-6273e60e8982-2293979,7,8,validation,33,7,20260926,seeded random sample without replacement from validation transition order; output restored to source order,true
CAL_008,bf0e64f29a5e0729f0e7549f,50c354f53d4cb51b093931f3,392e0d312936653ec648,21dba15aabeda658,prob_034,59511eeb-1c97-472f-8c3a-b052455dfc04-43669521,49fb4d6d-27ce-47b3-afbb-a758e532f532-76946714,3,4,validation,48,8,20260926,seeded random sample without replacement from validation transition order; output restored to source order,true
CAL_009,27a66b401aac27a9fd242d75,9b8daa4da9206ee4fcb1d416,d7cb87174795980c33ec,88957ceb22e02d49,prob_034,b81120e6-2021-4f69-938d-f6d5528a190c-2789595,36a297a4-37e3-4ab2-b13f-363228659975-55642379,2,3,validation,58,9,20260926,seeded random sample without replacement from validation transition order; output restored to source order,true
CAL_010,6b9dd1c1fda8640413c7330e,4dbca962e0c9035a4b337967,d7cb87174795980c33ec,88957ceb22e02d49,prob_034,36a297a4-37e3-4ab2-b13f-363228659975-55642379,80362fc4-275e-4048-9a44-df588507316f-65912778,3,4,validation,59,10,20260926,seeded random sample without replacement from validation transition order; output restored to source order,true
CAL_011,7d606d0e9b0e973679e2afb2,98aaa276a28d4618559cf201,bdc8b2de11294ac9b103,6a4a8699bb667e2a,prob_015,dcd736f8-92ef-43f3-9d8d-ba9f38c619aa-81458354,a49b60b7-0fab-469c-8b6a-2f368ed4a8a0-38286631,3,4,validation,64,11,20260926,seeded random sample without replacement from validation transition order; output restored to source order,true
CAL_012,9e389c407678e023f4a375da,78c65540121060be44a3e91d,2e1492253f3402b9e883,639d209600b99860,prob_017,6d995ddb-1771-4b94-8a73-c94d0570f8dc-25197211,3a50ac1a-e6f0-4de9-94c0-ff275e6b452f-52018634,1,2,validation,96,12,20260926,seeded random sample without replacement from validation transition order; output restored to source order,true
CAL_013,ff09a9d96f080b93de514877,40b436b9016067f83356462f,a38d5aff8cd1b5924ca4,c9dfda97dcbbf542,prob_034,e36511e3-cf47-48d8-ba63-efdf8468d35b-71585970,a353fbc0-a3ab-42d6-83b5-66ed76e4156b-77443342,4,5,validation,105,13,20260926,seeded random sample without replacement from validation transition order; output restored to source order,true
CAL_014,aecf7428a939743bda19a5ec,42f2616488490934e73b96d2,e89b874ddec0c7d0c557,e381f22b703673b1,prob_034,2a1e0944-e04f-49f8-a732-84d404647346-635729,5e2db143-ddab-40db-bbf5-00c3cc8c612b-77735582,1,2,validation,127,14,20260926,seeded random sample without replacement from validation transition order; output restored to source order,true
CAL_015,d3d26bcfb4cd7185b3a63265,3aac9ade5e3cacfa5370715c,ed523ac6cd518e48d4c6,7a8ab40cf71d1d79,prob_015,8036ac9b-8a7e-44ff-92ec-9acf9db54551-19172898,89e6b38c-2ee5-41ff-86fb-994a03065919-22530017,3,4,validation,130,15,20260926,seeded random sample without replacement from validation transition order; output restored to source order,true
CAL_016,666f91fc917346c37a5746bb,a1d48bbb43a2d147b0a2e4fc,22c3c6fe30b1cf289bcd,c2129d4e3d3b08b4,prob_017,6d6adbfc-6f54-4601-a4cd-5e61f06d5a0d-49293850,df027e75-bf5a-4bde-b12c-e8a0163b8e05-11735977,3,4,validation,151,16,20260926,seeded random sample without replacement from validation transition order; output restored to source order,true
CAL_017,c51f457a02f1bd09faca08a1,f4f128f61742671063172edc,6e7deea3a7470fe535a7,3352d3346eaeb53a,prob_015,ecf586db-41b2-4409-a58d-953f91880a8d-90463370,d3e83391-5d69-4e3e-99d0-38ed79b87894-46022604,9,10,validation,161,17,20260926,seeded random sample without replacement from validation transition order; output restored to source order,true
CAL_018,6066ec72de6e5d8fe1e76b3a,f1a4053fa5c5ba49f19d33c0,19df1fc39f857789586b,9d404e1bd57d8aa5,prob_015,2393f810-065b-4007-ba10-2807e2de2f23-14576132,ec7c566e-99bb-45e0-9396-3343caa89519-95521172,3,4,validation,177,18,20260926,seeded random sample without replacement from validation transition order; output restored to source order,true
CAL_019,c52ed569900720c8765625d9,6f69456ac8ec5c4b1639f8fb,19df1fc39f857789586b,9d404e1bd57d8aa5,prob_015,cc37d3b0-af6b-42f5-94e5-7f554cae2863-80417294,511c5f41-9df9-4708-9b1a-382524179fc4-46472303,6,7,validation,180,19,20260926,seeded random sample without replacement from validation transition order; output restored to source order,true
CAL_020,7342994e73766079cc99fd4b,bb147b2cb0dbed432a5be49e,da2924d6df46dc937919,f41b8bba1c53dca3,prob_015,1c931ccf-953f-4ef9-90ee-e9fa5450550d-25326226,580d5f94-3f7b-49d2-804c-90709a8f7a11-34429767,1,2,validation,185,20,20260926,seeded random sample without replacement from validation transition order; output restored to source order,true
