problem_id,primary_language,eligible_transition_count,split_primary,leakage_group_id,leakage_group_size,manual_similarity_review_required,split_method,split_seed_id
prob_001,C,4,validation,lg_f470367ecbaf,1,False,deterministic weighted assignment by near-duplicate-aware problem group,revground-problem-split-v1
prob_002,C,0,ineligible,lg_5cb4dea84ec8,1,False,deterministic weighted assignment by near-duplicate-aware problem group,revground-problem-split-v1
prob_003,C,15,test,lg_7c48222db4b8,1,False,deterministic weighted assignment by near-duplicate-aware problem group,revground-problem-split-v1
prob_004,C,0,ineligible,lg_a79c9c8656dd,1,False,deterministic weighted assignment by near-duplicate-aware problem group,revground-problem-split-v1
prob_005,C,0,ineligible,lg_8d5690bd4afa,1,False,deterministic weighted assignment by near-duplicate-aware problem group,revground-problem-split-v1
prob_006,C,0,ineligible,lg_ac9747c48ec6,1,False,deterministic weighted assignment by near-duplicate-aware problem group,revground-problem-split-v1
prob_007,C,0,ineligible,lg_5211370ed009,1,False,deterministic weighted assignment by near-duplicate-aware problem group,revground-problem-split-v1
prob_008,C,0,ineligible,lg_8fc389ce0eab,1,False,deterministic weighted assignment by near-duplicate-aware problem group,revground-problem-split-v1
prob_009,C,0,ineligible,lg_ef7b49dabaff,1,False,deterministic weighted assignment by near-duplicate-aware problem group,revground-problem-split-v1
prob_010,C,0,ineligible,lg_f129951f142d,1,False,deterministic weighted assignment by near-duplicate-aware problem group,revground-problem-split-v1
prob_011,C,0,ineligible,lg_c4ecfef3cef4,1,False,deterministic weighted assignment by near-duplicate-aware problem group,revground-problem-split-v1
prob_012,C,4,development,lg_fc7d67dcdda6,2,True,deterministic weighted assignment by near-duplicate-aware problem group,revground-problem-split-v1
prob_013,C,4,development,lg_5377e1def62e,1,False,deterministic weighted assignment by near-duplicate-aware problem group,revground-problem-split-v1
prob_014,C,6,development,lg_2b3e0e0ececb,1,False,deterministic weighted assignment by near-duplicate-aware problem group,revground-problem-split-v1
prob_015,C,114,validation,lg_364bda4282cb,2,True,deterministic weighted assignment by near-duplicate-aware problem group,revground-problem-split-v1
prob_016,C,70,development,lg_da5dd73bf83c,2,True,deterministic weighted assignment by near-duplicate-aware problem group,revground-problem-split-v1
prob_017,C,29,validation,lg_34bcbea0a8f9,2,True,deterministic weighted assignment by near-duplicate-aware problem group,revground-problem-split-v1
prob_018,C,32,development,lg_909a0bd3b5b9,2,True,deterministic weighted assignment by near-duplicate-aware problem group,revground-problem-split-v1
prob_019,C,63,test,lg_30eb325653e7,2,True,deterministic weighted assignment by near-duplicate-aware problem group,revground-problem-split-v1
prob_020,C,20,development,lg_6de3c7003bd2,2,True,deterministic weighted assignment by near-duplicate-aware problem group,revground-problem-split-v1
prob_021,C,155,development,lg_9a6b85986286,1,False,deterministic weighted assignment by near-duplicate-aware problem group,revground-problem-split-v1
prob_022,C,22,development,lg_1ca52f40332f,1,False,deterministic weighted assignment by near-duplicate-aware problem group,revground-problem-split-v1
prob_025,C,43,development,lg_f2a9b0d24343,1,False,deterministic weighted assignment by near-duplicate-aware problem group,revground-problem-split-v1
prob_028,C,8,test,lg_33843982e5f4,1,False,deterministic weighted assignment by near-duplicate-aware problem group,revground-problem-split-v1
prob_029,C,1,development,lg_7cb7ea4e5bc1,1,False,deterministic weighted assignment by near-duplicate-aware problem group,revground-problem-split-v1
prob_030,C,3,development,lg_fc7d67dcdda6,2,True,deterministic weighted assignment by near-duplicate-aware problem group,revground-problem-split-v1
prob_031,C,9,development,lg_748717212f26,1,False,deterministic weighted assignment by near-duplicate-aware problem group,revground-problem-split-v1
prob_032,C,10,development,lg_492202994dec,1,False,deterministic weighted assignment by near-duplicate-aware problem group,revground-problem-split-v1
prob_033,C,9,development,lg_cd5bfafa0e46,1,False,deterministic weighted assignment by near-duplicate-aware problem group,revground-problem-split-v1
prob_034,C,48,validation,lg_ba1950b48c67,1,False,deterministic weighted assignment by near-duplicate-aware problem group,revground-problem-split-v1
prob_035,C,113,test,lg_fb920546c464,1,False,deterministic weighted assignment by near-duplicate-aware problem group,revground-problem-split-v1
prob_036,C,80,development,lg_b3000d57444a,1,False,deterministic weighted assignment by near-duplicate-aware problem group,revground-problem-split-v1
prob_037,C,89,development,lg_54f58d43b147,1,False,deterministic weighted assignment by near-duplicate-aware problem group,revground-problem-split-v1
prob_038,C,35,development,lg_78f8a39464e4,1,False,deterministic weighted assignment by near-duplicate-aware problem group,revground-problem-split-v1
prob_039,C,0,ineligible,lg_4dac5d6a1a18,1,False,deterministic weighted assignment by near-duplicate-aware problem group,revground-problem-split-v1
prob_040,C,0,ineligible,lg_ffa21b19b6e7,1,False,deterministic weighted assignment by near-duplicate-aware problem group,revground-problem-split-v1
prob_041,C,1,test,lg_30eb325653e7,2,True,deterministic weighted assignment by near-duplicate-aware problem group,revground-problem-split-v1
prob_042,C,4,validation,lg_364bda4282cb,2,True,deterministic weighted assignment by near-duplicate-aware problem group,revground-problem-split-v1
prob_043,C,0,ineligible,lg_6de3c7003bd2,2,True,deterministic weighted assignment by near-duplicate-aware problem group,revground-problem-split-v1
prob_044,C,3,development,lg_da5dd73bf83c,2,True,deterministic weighted assignment by near-duplicate-aware problem group,revground-problem-split-v1
prob_045,C,1,development,lg_909a0bd3b5b9,2,True,deterministic weighted assignment by near-duplicate-aware problem group,revground-problem-split-v1
prob_046,C,0,ineligible,lg_34bcbea0a8f9,2,True,deterministic weighted assignment by near-duplicate-aware problem group,revground-problem-split-v1
prob_047,C,0,ineligible,lg_bcfaf88bdb05,1,False,deterministic weighted assignment by near-duplicate-aware problem group,revground-problem-split-v1
prob_048,C,0,ineligible,lg_6d16ee87a45a,1,False,deterministic weighted assignment by near-duplicate-aware problem group,revground-problem-split-v1
prob_049,C,0,ineligible,lg_088478102779,1,False,deterministic weighted assignment by near-duplicate-aware problem group,revground-problem-split-v1
prob_050,C,0,ineligible,lg_e7ddbde0a28b,1,False,deterministic weighted assignment by near-duplicate-aware problem group,revground-problem-split-v1
