generation_case_id,transition_id,trajectory_id,participant_id_hash,problem_id,problem_family_id,submission_id_t,attempt_t,partition,selection_order,selection_seed,selection_rule,lifecycle_label_seen_during_selection
1584a064d2ab2ca0d80cafec,06a4393d99493474f6341604,832caa359ee842cef044,62a5881de5567299,prob_012,lg_fc7d67dcdda6,e62bb4fc-9d94-4628-82ca-36f64770eb30-85210567,2,development,1,revground-rubric-development-v2-20260913,deliberately varied development sample across observable revision strata; not a prevalence sample,no
89b1102a9ad7303378d05927,4e34b5bfe003e1934ca74455,f1ae943dbcb32140a02d,6320e58ce120ef4d,prob_013,lg_5377e1def62e,1e2dabbf-0e39-451f-af85-1d7c20f18271-9730790,1,development,2,revground-rubric-development-v2-20260913,deliberately varied development sample across observable revision strata; not a prevalence sample,no
0be731575b7044601ce901e4,f5c340bee82b0bce73683962,aed3180333b78044abe7,1c55c990a11c0640,prob_014,lg_2b3e0e0ececb,43dba2b4-f7a7-4576-9999-cf85fd21519a-84372753,6,development,3,revground-development-hint-completion-v1-20260919,"post-screen replacement: prior case had no learner-facing hint; source-grounded, unrepresented development trajectory selected for a complete usability set",no
76c90d21aae108a041d19483,915700df68554ff734e89c02,9677e7c3457f57eb7faf,97b15a88df6b7489,prob_016,lg_da5dd73bf83c,a7e861e8-7de1-45f3-a919-329ab984bec8-89190722,1,development,4,revground-rubric-development-v2-20260913,deliberately varied development sample across observable revision strata; not a prevalence sample,no
b96a812f423e8e6004face99,5fef4940fc9418d29db99f8e,b2e151511d760b024e56,6a4a8699bb667e2a,prob_018,lg_909a0bd3b5b9,4c0de19f-e4a5-4cb4-a72b-69db96c9fff4-80925397,1,development,5,revground-rubric-development-v2-20260913,deliberately varied development sample across observable revision strata; not a prevalence sample,no
644da5113b6801373b076b88,7941b6f1f9f93575700a3940,b982fbe90f47ccb562fb,2b9fd9d87eb9edf0,prob_020,lg_6de3c7003bd2,0258df0e-1bf4-4429-a967-abab8826fd13-24018300,1,development,6,revground-rubric-development-v2-20260913,deliberately varied development sample across observable revision strata; not a prevalence sample,no
617b12620910f97435d7d6d0,74d552699955221571041f59,7693e4b466ff48e852fa,47b75d8d4724a08e,prob_021,lg_9a6b85986286,c80bb7d7-480e-474d-a346-30124274f26b-85634101,2,development,7,revground-rubric-development-v2-20260913,deliberately varied development sample across observable revision strata; not a prevalence sample,no
fa86f60c18ce5d490e875caf,05a7f52d93e40b43d7d3276e,8f3839a46ee2bdaf23e8,639d209600b99860,prob_022,lg_1ca52f40332f,4f2791e5-0849-4286-9530-e5c8d482b3ba-55593754,1,development,8,revground-rubric-development-v2-20260913,deliberately varied development sample across observable revision strata; not a prevalence sample,no
6d2675670bbfc8f17a5f2b0d,573b2d2ad4dae749787b7290,c56e71be56fb18c63cee,a031cd5eaf8262dd,prob_025,lg_f2a9b0d24343,9672f4ca-f928-4f7a-906c-919199c999bc-17925255,4,development,9,revground-rubric-development-v2-20260913,deliberately varied development sample across observable revision strata; not a prevalence sample,no
9cd7e0cf1dfad8718e89fcd5,d57d0a03e97d2754f8106308,03796664e59132cbeb5d,07d5f17202045aab,prob_029,lg_7cb7ea4e5bc1,a4960ea2-7496-449a-a9f3-531fe99fc99d-80938856,3,development,10,revground-rubric-development-v2-20260913,deliberately varied development sample across observable revision strata; not a prevalence sample,no
6898fdb2b016a3f573a21dc2,39b0a30e7d287ccf582e708f,8ea33378215f0d1c976c,f1779bee78455e80,prob_030,lg_fc7d67dcdda6,816bd7d9-102a-4dfb-9065-4260b8f905aa-80687896,1,development,11,revground-rubric-development-v2-20260913,deliberately varied development sample across observable revision strata; not a prevalence sample,no
afc799abbd047a9f58174b8e,0eac990505f5297323827967,83f3084cdd6f540d4e98,187f3c33a6c1d42b,prob_031,lg_748717212f26,b7893a78-8f4d-418a-bd8e-313696129074-15430909,3,development,12,revground-rubric-development-v2-20260913,deliberately varied development sample across observable revision strata; not a prevalence sample,no
790179e8d116720ce4335020,d58edafc6726156df1e6315e,67a12176478e7ef8c2dc,1c55c990a11c0640,prob_032,lg_492202994dec,ef3e95f7-06e3-4d0e-810b-5b8054660fe3-35433019,4,development,13,revground-rubric-development-v2-20260913,deliberately varied development sample across observable revision strata; not a prevalence sample,no
031b84fc6243e8835787e9ac,cc0ea5a5b1b56d53e4fe2997,797b71d02b57d4d9de4a,f1779bee78455e80,prob_033,lg_cd5bfafa0e46,2f348e98-09b9-4cff-ac4f-b022830161a7-38443096,2,development,14,revground-rubric-development-v2-20260913,deliberately varied development sample across observable revision strata; not a prevalence sample,no
9494498f6d9f4d6b8f743fda,84e5dec1257381caf0e39983,82c72f1464e1950044d1,cf94d3bae0edd4f0,prob_036,lg_b3000d57444a,530dc7d5-dcce-4daf-8bec-f78da230a859-98053944,4,development,15,revground-rubric-development-v2-20260913,deliberately varied development sample across observable revision strata; not a prevalence sample,no
f450ce570fdadeae76e9fe75,8505cb41c1cb93b3032debb9,bc1150f1351b16153030,07fb7c4676f65489,prob_037,lg_54f58d43b147,3b5fc973-1ef6-4fee-9bf8-354e4f75f560-36751400,1,development,16,revground-rubric-development-v2-20260913,deliberately varied development sample across observable revision strata; not a prevalence sample,no
ccfce08e63bd6c1913665f18,4b460c5ddaf58defddeb6785,ad0a5ec1b4e243042aff,7a8ab40cf71d1d79,prob_038,lg_78f8a39464e4,a633ff16-5896-4fe2-aa5d-40630163c776-5142457,4,development,17,revground-rubric-development-v2-20260913,deliberately varied development sample across observable revision strata; not a prevalence sample,no
1c00adc6fe895c9510511797,625cbed41053e41dfd826ce1,df8d62dc2a283fe5ab9e,1d603de0ad8fe2be,prob_044,lg_da5dd73bf83c,be1a322a-30e8-4592-a46b-28c1f68e44b9-49078913,1,development,18,revground-rubric-development-v2-20260913,deliberately varied development sample across observable revision strata; not a prevalence sample,no
2b3371089038d3d50bcdb91e,99e657f48f1abdc012296de4,a21b5805ec711042248b,27876a5269281b2d,prob_045,lg_909a0bd3b5b9,29620b94-cbdd-4668-a810-0d43b434a41f-59291879,1,development,19,revground-rubric-development-v2-20260913,deliberately varied development sample across observable revision strata; not a prevalence sample,no
571a9963305c935e5bcb6c83,10805732ddc6ace2f82f83ad,e7ba033375cddb52d179,3a76f378d6ad5fd8,prob_018,lg_909a0bd3b5b9,3c5eb8bd-3ce2-4d0d-af1e-201ca23889a3-61292086,4,development,20,revground-rubric-development-v2-20260913,deliberately varied development sample across observable revision strata; not a prevalence sample,no
efa34d56e635dcb2f875746d,0be087615bc7e8d1e5fc1a9a,2042c1b077a238bf6147,3bcdf91d38e59c6a,prob_037,lg_54f58d43b147,d718ed3d-7bdb-4e42-9535-fb0f05e6b46a-79659816,1,development,21,revground-rubric-development-v2-20260913,deliberately varied development sample across observable revision strata; not a prevalence sample,no
aa829559da0cd7b1039ed088,843fd1c43df8e28a4516a72c,bc1150f1351b16153030,07fb7c4676f65489,prob_037,lg_54f58d43b147,e567513a-07ad-4514-9aab-edfeea5e8761-7027128,9,development,22,revground-rubric-development-v2-20260913,deliberately varied development sample across observable revision strata; not a prevalence sample,no
27f58cd10aa62f3a221d7b43,fbe7cb66ed0f2ef2544818cb,b9dc43f48a495adf95fb,0e3e7331d71482bf,prob_013,lg_5377e1def62e,b98bba63-1b34-4c98-b220-f5192a1c5221-72834888,1,development,23,revground-development-hint-completion-v1-20260919,"post-screen replacement: prior case had no learner-facing hint; source-grounded, unrepresented development trajectory selected for a complete usability set",no
a7946397cb6fd7bda15d0183,50a897b1017b26246996c843,ed45a2b0852430d79576,927033afb815675e,prob_021,lg_9a6b85986286,2ec1c423-76a1-42a6-b56a-ea86dfc5350f-48705345,4,development,24,revground-rubric-development-v2-20260913,deliberately varied development sample across observable revision strata; not a prevalence sample,no
ad09d65f199d41b38485ec48,92c8320d2a62bb0ba280d450,0529bf5f561d60ad3d0e,63764bb95f7b9688,prob_037,lg_54f58d43b147,bfc8f514-985c-4f93-b7dd-55dc5fa86bfd-68955489,3,development,25,revground-rubric-development-v2-20260913,deliberately varied development sample across observable revision strata; not a prevalence sample,no
eccb4ef415b9b7333ed12a18,e87d91d6df04037f1a319873,958bb09a71fe112639ce,927033afb815675e,prob_025,lg_f2a9b0d24343,28c34641-3984-4c3e-b6d4-7d8136064822-45663358,8,development,26,revground-rubric-development-v2-20260913,deliberately varied development sample across observable revision strata; not a prevalence sample,no
c2bf96d6b4e4359c7a1ebb66,005087f8bcefa8a5e7b90f66,37bd6614a0711bffca2e,3299b9cea666a4d1,prob_012,lg_fc7d67dcdda6,023900d7-75f8-40c6-b563-a748436eacd3-34826505,4,development,27,revground-development-hint-completion-v1-20260919,"post-screen replacement: prior case had no learner-facing hint; source-grounded, unrepresented development trajectory selected for a complete usability set",no
7f6b6f646a479154470f0440,0410008474cd582a89cc996e,a738d3f08ebb65ea3115,bb637e89308358fa,prob_021,lg_9a6b85986286,8fb06cf8-b6b3-46f3-9eaa-c1fda50a73f2-33035487,1,development,28,revground-rubric-development-v2-20260913,deliberately varied development sample across observable revision strata; not a prevalence sample,no
6fdf05c0a4a2107c22f46d32,ceec41d007c93d9a1f1b0e29,c8e3ba1ba0cca5652444,efbfb4a95848d251,prob_018,lg_909a0bd3b5b9,fac9014a-d3b2-4acf-ae83-a06df9db957d-30148381,2,development,29,revground-rubric-development-v2-20260913,deliberately varied development sample across observable revision strata; not a prevalence sample,no
5e4aae1631aa1f5dfe5b82cd,a3061b3cbf512eac820fc6db,3193a3a0585fa919c895,9a8434c75f9a3fe8,prob_037,lg_54f58d43b147,4c9d880e-5393-4742-a9ac-04b8091a07a7-23225756,3,development,30,revground-rubric-development-v2-20260913,deliberately varied development sample across observable revision strata; not a prevalence sample,no
ab892c8170ad9166a10b89ba,5a16b9d915babc9f817ec285,e5260d13e5afbf6c1ab1,3a76f378d6ad5fd8,prob_021,lg_9a6b85986286,f428d486-ac77-4604-b908-3c30672381f6-49792159,2,development,31,revground-rubric-development-v2-20260913,deliberately varied development sample across observable revision strata; not a prevalence sample,no
496be27ccf23605cf2028b95,c0519af9d8ca35e704e18222,b634390c79a60f838210,7da798367555a336,prob_032,lg_492202994dec,d40c2fda-ce40-4045-94e4-51b3c58da8fe-47826062,1,development,32,revground-development-hint-completion-v1-20260919,"post-screen replacement: prior case had no learner-facing hint; source-grounded, unrepresented development trajectory selected for a complete usability set",no
a3a1131c33ab48a68f6e55ad,17b0015957e8be77082962d4,2042c1b077a238bf6147,3bcdf91d38e59c6a,prob_037,lg_54f58d43b147,7e700040-3904-44df-9584-deea3acc14e0-53133079,6,development,33,revground-rubric-development-v2-20260913,deliberately varied development sample across observable revision strata; not a prevalence sample,no
22ba6bcaef04f5b4c5d4cac6,fccd8ef36704abc9eca4c1a4,c96cf20ae92c86d9307e,ce1ace68b8d91b16,prob_021,lg_9a6b85986286,652e2b78-7797-4f10-82b5-cb632b94506d-2590582,3,development,34,revground-rubric-development-v2-20260913,deliberately varied development sample across observable revision strata; not a prevalence sample,no
aa9cbd0d291e44cf7db08cf4,0bcf269768466530bad2ed24,a1cb2da0d451cc43f04c,47b75d8d4724a08e,prob_037,lg_54f58d43b147,334724dd-1585-4a69-9fd2-319cb51256a3-1292738,5,development,35,revground-development-hint-completion-v1-20260919,"post-screen replacement: prior case had no learner-facing hint; source-grounded, unrepresented development trajectory selected for a complete usability set",no
b1daf1583bf8da088382c38b,4a0a7b64a944c76362ed5d62,c8e3ba1ba0cca5652444,efbfb4a95848d251,prob_018,lg_909a0bd3b5b9,2e7dd74b-f40c-45ab-b76c-f4ec5b8be6a4-58287178,3,development,36,revground-rubric-development-v2-20260913,deliberately varied development sample across observable revision strata; not a prevalence sample,no
414b356cce14cee02d974730,58ca15eef9316f22c809fd4c,23535c69525f4d3c0bcb,9a8434c75f9a3fe8,prob_021,lg_9a6b85986286,42b9872c-e5fe-4dd3-8275-4ea307cde0e1-27169074,2,development,37,revground-rubric-development-v2-20260913,deliberately varied development sample across observable revision strata; not a prevalence sample,no
378bae11c9ef6018aa268f28,0516ed55d1e1f5562db3badc,2cff7b1ceceaaf5e3d1c,48c1c9d06d800d40,prob_021,lg_9a6b85986286,9fc89176-ae98-4fe8-9b8a-72c721b22084-24146591,1,development,38,revground-rubric-development-v2-20260913,deliberately varied development sample across observable revision strata; not a prevalence sample,no
5baebd3f8425e20b4ab3732f,1e171ad07857c0e264ba9ee4,34149889b15f3163504b,3a76f378d6ad5fd8,prob_016,lg_da5dd73bf83c,f06a2880-3e58-4238-a988-a3ab118c37e2-11966624,1,development,39,revground-rubric-development-v2-20260913,deliberately varied development sample across observable revision strata; not a prevalence sample,no
55965d63a9840b21349eeb50,0318c8fcb723382bea8635f4,05fc9c883f58ce279e5f,8b0fceaf7636a959,prob_044,lg_da5dd73bf83c,c6441b77-3ad9-402c-b415-7d5cca08214b-70981848,1,development,40,revground-development-hint-completion-v1-20260919,"post-screen replacement: prior case had no learner-facing hint; source-grounded, unrepresented development trajectory selected for a complete usability set",no
9c8f0f7f69e8e65606920e03,dde985e9b53dcf2bdec2320a,fd1eb1f284cb9a73b3b8,21dba15aabeda658,prob_018,lg_909a0bd3b5b9,14d258df-ded5-439f-83d9-3e7c3f6c67d2-6437219,1,development,41,revground-rubric-development-v2-20260913,deliberately varied development sample across observable revision strata; not a prevalence sample,no
9c8ba2558b47ef455a7790a1,ec4dade2858ed53fe5cb0732,d14b9c374342ce40b445,b40e1a5abc2fc0af,prob_038,lg_78f8a39464e4,663c80f1-28fe-4093-aee9-67366b240c4b-16724707,2,development,42,revground-rubric-development-v2-20260913,deliberately varied development sample across observable revision strata; not a prevalence sample,no
bbb4be20bf1fd6ef4cb9c98a,020eeee243a531f09d7b2324,e5260d13e5afbf6c1ab1,3a76f378d6ad5fd8,prob_021,lg_9a6b85986286,2bbdfc73-8291-4e92-b183-435c17da8765-5307006,4,development,43,revground-rubric-development-v2-20260913,deliberately varied development sample across observable revision strata; not a prevalence sample,no
535d24b4d09310a3591ae8a4,810ef6d7f22aa4f4d0539b99,b4cb3c063afd56c18a6d,563c769c3e9f3106,prob_037,lg_54f58d43b147,c2e8c039-cb3d-46d2-90ce-4209be400f9a-67797771,1,development,44,revground-rubric-development-v2-20260913,deliberately varied development sample across observable revision strata; not a prevalence sample,no
56c416dda888f06b5493aadd,95f46db18e01f09f4b01a86f,d8d9c3c40abef159fdac,3bcdf91d38e59c6a,prob_016,lg_da5dd73bf83c,ed2b4ae2-7d83-4921-a64e-9c8c91c9cfb7-73576237,5,development,45,revground-rubric-development-v2-20260913,deliberately varied development sample across observable revision strata; not a prevalence sample,no
368e22dd2c4a5d8c86c3571c,21d619a96a4bed3785687c7b,036b0b2a81fdbb811383,f1779bee78455e80,prob_031,lg_748717212f26,dd8b5f2e-6f61-44dc-b42c-10d0f04b839f-66980405,4,development,46,revground-rubric-development-v2-20260913,deliberately varied development sample across observable revision strata; not a prevalence sample,no
e949ccc45085934f323f248e,dd032b2e16eaef4c5af72aaf,e30545af6134da571c1d,21dba15aabeda658,prob_020,lg_6de3c7003bd2,6b745d7f-4b62-422c-b48d-7cab00720d38-62165002,3,development,47,revground-rubric-development-v2-20260913,deliberately varied development sample across observable revision strata; not a prevalence sample,no
4e65754f17964bd373a9beba,578aa64013e2fff97db5a500,533105fc91f8d867d699,7417155175240530,prob_038,lg_78f8a39464e4,e30987fe-23ff-4e6a-aef8-ad456cc29e99-89379144,1,development,48,revground-rubric-development-v2-20260913,deliberately varied development sample across observable revision strata; not a prevalence sample,no
9738f0c40f9d6acaa5cd5393,e7bb35a64a2251434cf37c40,01a1fe0acac41f2fb2a5,88957ceb22e02d49,prob_036,lg_b3000d57444a,e0df7e16-f4ff-47d3-a329-27d975176857-31893062,1,development,49,revground-rubric-development-v2-20260913,deliberately varied development sample across observable revision strata; not a prevalence sample,no
5debeaa09f47d62163f1600c,9c085bf6de448b94bd2afb90,76eb1e02350647c7ec09,7417155175240530,prob_025,lg_f2a9b0d24343,0fa5ad33-fbcb-497d-b403-ad2f33ba609e-89168331,5,development,50,revground-rubric-development-v2-20260913,deliberately varied development sample across observable revision strata; not a prevalence sample,no
