transition_id,declared_language,detected_source_language,qc_status,reason,partition,development_item_id,calibration_id,test_id
0eac990505f5297323827967,C,C++,NON_C_CPP,C++-only source signatures: C++ standard header; C++ namespace directive; C++ stream operator,development,DEV_012,,
123b9f1881e004ca060e48f8,C,C++,NON_C_CPP,C++-only source signatures: C++ standard header; C++ namespace directive; C++ stream operator,development,,,
1f30b58a388898115749bf24,C,Java,NON_C_JAVA,Java-only source signatures: Java class declaration; Java main signature; System output/input; Java Scanner,test,,,
22e49bf66db9bf6f0150db56,C,Java,NON_C_JAVA,Java-only source signatures: Java import; Java class declaration; Java main signature; System output/input,test,,,
263625658e1ecec24b976288,C,C++,NON_C_CPP,C++-only source signatures: C++ standard header; C++ namespace directive; C++ stream operator; C++ STL type,development,,,
2f1ad18f02243edd86013646,C,C++,NON_C_CPP,C++-only source signatures: C++ standard header; C++ namespace directive; C++ stream operator; C++ STL type,development,,,
3535e70824ecc2ca075aba68,C,Java,NON_C_JAVA,Java-only source signatures: Java class declaration; Java main signature; System output/input; Java Scanner,test,,,726478f13ad8e011c4a0cfa2
3bb76aac92634c66ab16a359,C,Java,NON_C_JAVA,Java-only source signatures: Java main signature; System output/input; Java Scanner; Java String type,test,,,
3d94967dc87cbe6180e5ffa4,C,Java,NON_C_JAVA,Java-only source signatures: Java main signature; System output/input; Java Scanner; Java String type,test,,,
472bcccd2cb00a74abe8e278,C,C++,NON_C_CPP,C++-only source signatures: C++ standard header; C++ namespace directive; C++ stream operator,development,,,
5e1a56ce10daf194af542ff2,C,Java,NON_C_JAVA,Java-only source signatures: Java class declaration; Java main signature; System output/input; Java Scanner,test,,,
7175b67d2b14c5a711017c91,C,C++,NON_C_CPP,C++-only source signatures: C++ standard header; C++ namespace directive; C++ stream operator,test,,,bda05da230eecfb67fa3a104
7c00c15d97becc74915c32e3,C,C++,NON_C_CPP,C++-only source signatures: C++ standard header; C++ namespace directive; C++ stream operator; C++ nullptr type,development,,,
89b26caba83f6421ab8f7ed0,C,C++,NON_C_CPP,C++-only source signatures: C++ standard header; C++ namespace directive,validation,,,
9916385fa4c048f2a72430f0,C,AMBIGUOUS,AMBIGUOUS,conflicting Java and C++ source signatures: Java class declaration; C++ standard header; C++ namespace directive; C++ stream operator,development,,,
9c518f33a5787e87d1f3f66d,C,C++,NON_C_CPP,C++-only source signatures: C++ standard header; C++ namespace directive; C++ stream operator,validation,,,
a373adfeae581f7fd5cd86b0,C,Java,NON_C_JAVA,Java-only source signatures: Java class declaration; Java main signature; System output/input; Java Scanner,test,,,
b1245f60917fb46a6cf1d15f,C,C++,NON_C_CPP,C++-only source signatures: C++ standard header; C++ namespace directive; C++ stream operator; C++ STL type,development,,,
bc1cfcb41217bdfae2a7289d,C,C++,NON_C_CPP,C++-only source signatures: C++ standard header; C++ namespace directive; C++ stream operator; C++ nullptr type,development,,,
c575de6247566691f9e01980,C,Java,NON_C_JAVA,Java-only source signatures: Java class declaration; Java main signature; System output/input; Java String type,test,,,
c9ac7b7db05e50f2dadebdd4,C,C++,NON_C_CPP,C++-only source signatures: C++ standard header; C++ namespace directive,development,,,
d57d0a03e97d2754f8106308,C,Java,NON_C_JAVA,Java-only source signatures: Java import; Java class declaration; Java main signature; System output/input,development,DEV_010,,
e68f3086525e8436195330b5,C,AMBIGUOUS,AMBIGUOUS,conflicting Java and C++ source signatures: Java class declaration; C++ standard header; C++ namespace directive; C++ stream operator,development,,,
f018e5b6a70b99ea926ed7ac,C,C++,NON_C_CPP,C++-only source signatures: C++ standard header; C++ namespace directive; C++ stream operator,development,,,
