gate,status,evidence,note
Dataset and C eligibility,PASS,data/README.md; docs/data_and_sampling.md,"5,482 submissions; 978 strict C transitions"
Problem-disjoint partitions,PASS,data/manifests/split_summary.csv,"590 development, 191 validation, 197 test; duplicate controls applied"
No-future Stage-A inputs,PASS,results/calibration_20/stage_a_input.jsonl,"Calibration generation receives S_t-only input"
Source-language QC,PASS,data/qc/language_qc_all_strict_c.csv;data/qc/language_qc_summary.json;data/qc/SHA256SUMS.txt,"978 strict-C rows classified from source syntax only; objective exclusions preserved"
Development-50 annotation,COMPLETE,annotation/development_50,"A01 and A02 exports preserved; pre-adjudication agreement recorded"
Development disagreement adjudication,COMPLETE,annotation/development_50/feedback-lifecycle-audit_adjudication_final.jsonl,"50-row final reference: 40 consensus carry-forwards and 10 adjudicated review rows; DEV_010=RETIRE and DEV_012=KEEP"
Development GLM B/C diagnostics,COMPLETE,results/development_50,"50-item technical evaluations recorded; not final adjudicated accuracy"
Development Qwen B/C diagnostics,COMPLETE_WITH_CAVEATS,results/development_50/development_results_verification_20260926.md,"Primary output gaps, targeted recovery, validator abstention, and original B/C output-budget mismatch are documented"
Calibration-20 validation manifest,COMPLETE,data/manifests/calibration_20_manifest.csv,"20 validation cases; deterministic seed 20260926; selected before labels"
Calibration Stage A,COMPLETE_WITH_FAILURES,results/calibration_20/stage_a_stealth_space_bunny_alpha,"20 calls; 16 usable hints; 4 failures preserved; no retry/fallback"
Calibration packet freeze,COMPLETE,annotation/calibration_20/calibration_20_evidence_frozen_v1.jsonl;results/calibration_20/calibration_20_build_manifest.json,"16 eligible blinded packets with S_t/S_t+1, diff, stored traces, official tests, and locked-runner compiler/test evidence"
Calibration A01/A02 annotation,COMPLETE_NO_SUBSTANTIVE_DISAGREEMENTS,results/calibration_20/annotator_exports;results/calibration_20/calibration_pre_adjudication_summary.json,"A01 and A02 each supplied 16 eligible rows; all five decision fields agree; rubric_change_required=false; no adjudication required"
Rubric v2.0 freeze,COMPLETE,annotation/calibration_20/LIFECYCLE_RUBRIC_v2.md;results/calibration_20/CALIBRATION_FREEZE.md,"Final rubric frozen after Calibration-20; definitions are not changed for held-out cases"
Synthetic Stress-20 human review,COMPLETE_SINGLE_ANNOTATOR,annotation/stress_20/synthetic_stress_20_human_review.csv,"A02 reviewed 20 rows: 10 RETRACT and 10 UNSURE; not adjudicated consensus"
Synthetic Stress-20 Qwen B/C,COMPLETE_VERIFIED,results/stress_20/stress_20_results_summary.md,"B 14/20; C 16/20; paired agreement 17/19; evidence SHA 20/20"
DeepSeek V4.1 Flash Development/Stress diagnostics,COMPLETE_PRIMARY_ONLY,results/deepseek_v4_1_flash,"140 primary calls; 137 accepted; 3 preserved failures; Stress C has one retained decision-rule violation"
Held-out TEST-50 historical Batch 1,PRESERVED,data/manifests/archive/heldout_natural50_manifest_batch1.json; annotation/heldout_test_50,"Original 50-case manifest retained unchanged; 48 confirmed-C cases and 42 claim-bearing cases after six preserved Stage-A failures"
Held-out TEST-197 protocol amendment,FROZEN,data/manifests/heldout_test_197_final_cohort_manifest.csv;docs/PROTOCOL_AMENDMENT_TEST197.md,"All 197 TEST transitions retained; 188 confirmed-C and 9 objective language exclusions; Batch 1 preserved"
Held-out TEST-197 Stage-A and packet preparation,COMPLETE_WITH_FAILURES,results/heldout_test_197;annotation/heldout_test_197,"190 calls total; 170 accepted hints; 20 failures preserved; 168 replayed claim-bearing packets; no replacement"
Held-out TEST-168 A01/A02 annotation,COMPLETE_FROZEN,results/heldout_test_197/annotations_frozen_v1,"168 rows per annotator; source exports copied byte-for-byte and hashed"
Held-out TEST-168 adjudication,COMPLETE_FINAL_REFERENCE,results/heldout_test_197/adjudication_24_final_v1,"24/24 unique core-field disagreements adjudicated from the blind evidence packet; A01/A02 unchanged"
Held-out evaluator primary matrix,COMPLETE_FROZEN,results/heldout_test_197/evaluations/primary_first_attempt_freeze_summary.json,"Four runs x 168 first attempts; 672 total; Qwen and DeepSeek B/C"
Held-out RECOVERY_429_V1,COMPLETE_WITH_RECORDED_ERRORS,results/heldout_test_197/evaluations,"Exactly one recovery attempt per primary HTTP 429; non-429 failures excluded; primary files unchanged"
Natural prevalence/effect estimate,COMPLETE_VERIFIED,results/heldout_test_197/analysis/verified_test_results.json,"Final gold 100 KEEP / 65 RETIRE / 3 RETRACT / 0 UNSURE; paired effects are descriptive and model-dependent"
Submission results package,READY_WITH_INFERENCE_BOUNDARY,docs/reports/Feedback-lifecycle-audit_TEST197_Verified_Results_20260929.pdf,"All TEST quantities recomputed; no equivalence or formal null-effect claim"
