requirement,repository_artifact,status,note
Narrow the study to three RQs,docs/study_design.md;README.md,COMPLETE,"RQ1 agreement; RQ2 natural lifecycle frequencies; RQ3 matched model/verifier comparison"
Use one primary language,data/README.md;docs/data_and_sampling.md,COMPLETE,"C selected under the documented eligibility/diversity rule"
Use a fixed S_t-only Stage-A generator,docs/generation_policy.json;results/calibration_20,COMPLETE_WITH_FAILURES,"Stealth Stage A completed for Calibration-20 with 4 preserved failures; no fallback or automatic retry"
Run objective source-language QC,data/qc/language_qc_all_strict_c.csv;data/qc/language_qc_summary.json,COMPLETE,"978 strict-C rows classified from source syntax only; no lifecycle, annotator, or model-performance inputs; exclusions retained"
Use 50 development items and a fresh validation calibration set,data/manifests/calibration_20_manifest.csv;data/sampling_plan.json,DONE_20_CASE_CALIBRATION,"50 development items and 20 fresh validation cases; old 25-case proposal archived as superseded"
Rebuild complete development evidence pairs,annotation/development_50/development_50_evidence_frozen_v1.jsonl,COMPLETE,"Frozen S_t/S_t+1 evidence and claim packets are present"
Preserve independent annotation exports,annotation/development_50/feedback-lifecycle-audit_annotations_A01.json;annotation/development_50/feedback-lifecycle-audit_annotations_A02.json,COMPLETE_BYTE_PRESERVED,"Original export hashes are enforced by repository tests"
Report pre-adjudication reliability,results/development_50/development_50_agreement.csv,COMPLETE_WITH_BOUNDARY,"Lifecycle agreement is 48/50 and kappa 0.9228; adjudication is not reliability"
Complete Development-50 adjudication,annotation/development_50/feedback-lifecycle-audit_adjudication_final.jsonl,COMPLETE_FINAL_REFERENCE,"50 rows: 40 consensus carry-forwards and 10 adjudicated review rows; DEV_010=RETIRE and DEV_012=KEEP"
Run matched GLM development conditions,results/development_50/development_results_summary.md,COMPLETE_DIAGNOSTIC,"GLM-5.3 B/C both produced 50/50 lifecycle results; no final held-out claim"
Run Qwen development diagnostics,results/development_50/development_results_verification_20260926.md,COMPLETE_WITH_CAVEATS,"Qwen primary runs and targeted recovery are retained with output-budget and validator caveats"
Run rare-label stress diagnostic,results/stress_20/stress_20_results_summary.md;annotation/stress_20/synthetic_stress_20_human_review.csv,COMPLETE_SEPARATE,"Qwen C improved RETRACT handling; Stress-20 is not natural prevalence and human review is A02-only"
Freeze calibration focal claims,results/calibration_20/frozen_focal_claims.jsonl,COMPLETE_WITH_FAILURES,"16 exact-span claims frozen; four Stage-A failures remain preserved"
Obtain independent calibration annotation,results/calibration_20/annotator_exports;results/calibration_20/calibration_pre_adjudication_summary.json,COMPLETE_NO_SUBSTANTIVE_DISAGREEMENTS,"A01 and A02 each annotated 16 eligible rows; zero substantive disagreements; no adjudication required"
Freeze final rubric after calibration,annotation/calibration_20/LIFECYCLE_RUBRIC_v2.md;results/calibration_20/CALIBRATION_FREEZE.md,FROZEN_V2_0,"rubric_change_required=false; KEEP/RETIRE/RETRACT/UNSURE definitions frozen"
Replay calibration compiler/tests,results/calibration_20/calibration_20_build_manifest.json;results/calibration_20/runs/calibration_20_execution_results.jsonl,COMPLETE_LOCKED_RUNNER,"32 state replays and 450 official test-state entries attached to the frozen packets"
Preserve historical TEST-50 Batch 1,data/manifests/archive/heldout_natural50_manifest_batch1.json;annotation/heldout_test_50,PRESERVED,"Original 50-case manifest retained unchanged; historical 48 eligible-C and 42 claim-bearing accounting preserved"
Run DeepSeek substitution diagnostics,results/deepseek_v4_1_flash,COMPLETE_PRIMARY_ONLY,"Development-50 and Stress-20; 140 calls; 137 accepted; no recovery; failures and Stress C decision-rule violation retained"
Freeze full TEST-197 natural cohort,data/manifests/heldout_test_197_final_cohort_manifest.csv;docs/PROTOCOL_AMENDMENT_TEST197.md,FROZEN,"197 TEST transitions retained; 188 confirmed-C cases and 9 objective language exclusions; no labels/model results inspected before freeze"
Run final Stage-A and build packets,results/heldout_test_197;annotation/heldout_test_197,COMPLETE_WITH_FAILURES,"140 new frozen Stealth calls; 126 accepted and 14 failures; combined 168 claim-bearing packets, all replayed"
Account for TEST-197 language exclusions,results/heldout_test_197/screening_ledger.csv;results/heldout_test_197/final_cohort_profile.json,COMPLETE_WITH_EXCLUSIONS,"Nine objective exclusions preserved; 188 eligible C cases; 20 Stage-A failures preserved; no replacements"
Freeze independent TEST-168 annotations,results/heldout_test_197/annotations_frozen_v1,COMPLETE_BYTE_PRESERVED,"A01/A02 each contain 168 rows; 24 unique core-field disagreements"
Complete blind TEST-168 adjudication,results/heldout_test_197/adjudication_24_final_v1,COMPLETE_FINAL_REFERENCE,"24/24 disagreements; required fields complete; evidence references valid; A01/A02 unchanged"
Freeze final Qwen/DeepSeek primary matrix,results/heldout_test_197/evaluations/primary_first_attempt_freeze_summary.json,COMPLETE_672_FIRST_ATTEMPTS,"Four model-condition runs; 168 first attempts each"
Run restricted 429 recovery,results/heldout_test_197/evaluations,COMPLETE_WITH_RECORDED_ERRORS,"Exactly one recovery attempt per primary HTTP 429; no non-429 recovery; primary records untouched"
Produce final natural estimates,results/heldout_test_197/analysis/verified_test_results.json,COMPLETE_VERIFIED,"Gold 100 KEEP / 65 RETIRE / 3 RETRACT / 0 UNSURE; DeepSeek paired C-B +1.61 pp; Qwen -1.74 pp"
